17,0,0,0,0,0,0
55,0,0,0,0,0,0
50,0,0,0,0,0,0
68,0,0,0,0,0,0
57,0,0,0,0,0,0
51,0,0,0,0,0,0
47,0,0,0,0,0,0
52,0,0,0,0,0,0
53,0,0,0,0,0,0
53,0,0,0,0,0,0
48,0,0,0,0,0,0
45,0,0,0,0,0,0
53,0,0,0,0,0,0
45,0,0,0,0,0,0
46,0,0,0,0,0,0
58,0,0,0,0,0,0
54,0,0,0,0,0,0
58,0,0,0,0,0,0
53,0,0,0,0,0,0
46,0,0,0,0,0,0
63,0,0,0,0,0,0
59,0,0,0,0,0,0
56,0,0,0,0,0,0
45,0,0,1,0,0,0
45,0,0,0,0,0,0
53,0,0,0,0,0,0
25,0,0,2,0,0,0
18,0,0,1,0,0,0
19,0,0,2,0,0,0
34,0,0,1,0,0,0
28,0,0,1,0,0,0
18,0,0,1,0,0,0
18,0,0,1,0,0,0
24,0,0,2,0,0,0
27,0,0,2,0,0,0
19,1,0,0,0,0,0
18,1,0,0,0,0,0
18,1,0,0,0,0,0
18,1,0,0,0,0,0
18,1,0,0,0,0,0
19,2,0,0,0,0,0
25,2,0,0,0,0,0
24,3,0,0,0,0,0
18,1,0,0,0,0,0
18,1,0,0,0,0,0
18,1,0,0,0,0,0
18,1,0,0,0,0,0
18,1,0,0,0,0,0
18,1,0,0,0,0,0
18,1,0,0,0,0,0
18,1,0,0,0,0,0
18,1,0,0,0,0,0
18,1,0,0,0,0,0
21,4,0,0,0,0,0
24,3,0,0,0,0,0
19,2,0,0,0,0,0
18,1,0,0,0,0,0
23,3,0,0,0,0,0
21,1,0,0,0,0,0
20,1,0,0,0,0,0
18,1,0,0,0,0,0
18,1,0,0,0,0,0
18,1,0,0,0,0,0
18,1,0,0,0,0,0
18,1,0,0,0,0,0
18,1,0,0,0,0,0
19,3,0,0,0,0,0
18,0,0,0,0,0,0
18,1,0,0,0,0,0
18,1,0,0,0,0,0
18,1,0,0,0,0,0
18,1,0,0,0,0,0
18,1,0,0,0,0,0
18,1,0,0,0,0,0
18,1,0,0,0,0,0
18,1,0,0,0,0,0
18,1,0,0,0,0,0
18,1,0,0,0,0,0
20,3,0,0,0,0,0
18,2,0,0,0,0,0
18,0,0,0,0,0,0
18,1,0,0,0,0,0
18,1,0,0,0,0,0
18,1,0,0,0,0,0
18,1,0,0,0,0,0
18,1,0,0,0,0,0
18,1,0,0,0,0,0
18,1,0,0,0,0,0
18,1,0,0,0,0,0
18,1,0,0,0,0,0
18,1,0,0,0,0,0
18,1,0,0,0,0,0
18,1,0,0,0,0,0
18,1,0,0,0,0,0
18,1,0,0,0,0,0
18,1,0,0,0,0,0
18,1,0,0,0,0,0
20,4,0,0,0,0,0
19,1,0,0,0,0,0
21,2,0,0,0,0,0
18,1,0,0,0,0,0
18,1,0,0,0,0,0
18,1,0,0,0,0,0
30,3,0,0,0,0,0
31,1,0,0,0,0,0
21,1,0,0,0,0,0
18,1,0,0,0,0,0
20,3,0,0,0,0,0
20,1,0,0,0,0,0
18,1,0,0,0,0,0
18,1,0,0,0,0,0
18,1,0,0,0,0,0
18,1,0,0,0,0,0
19,2,0,0,0,0,0
18,1,0,0,0,0,0
24,3,0,0,0,0,0
28,1,0,0,0,0,0
18,1,0,0,0,0,0
18,1,0,0,0,0,0
18,1,0,0,0,0,0
18,1,0,0,0,0,0
18,1,0,0,0,0,0
18,1,0,0,0,0,0
19,2,0,0,0,0,0
18,1,0,0,0,0,0
18,1,0,0,0,0,0
18,1,0,0,0,0,0
18,1,0,0,0,0,0
18,1,0,0,0,0,0
18,1,0,0,0,0,0
18,1,0,0,0,0,0
18,1,0,0,0,0,0
18,1,0,0,0,0,0
18,1,0,0,0,0,0
18,1,0,0,0,0,0
20,3,0,0,0,0,0
26,3,0,0,0,0,0
18,1,0,0,0,0,0
18,1,0,0,0,0,0
18,1,0,0,0,0,0
18,1,0,0,0,0,0
29,2,0,0,0,0,0
28,1,0,0,0,0,0
21,2,0,0,0,0,0
18,1,0,0,0,0,0
18,1,0,0,0,0,0
18,1,0,0,0,0,0
20,3,0,0,0,0,0
19,3,0,0,0,0,0
18,0,0,0,0,0,0
18,1,0,0,0,0,0
18,1,0,0,0,0,0
18,1,0,0,0,0,0
18,1,0,0,0,0,0
19,2,0,0,0,0,0
30,1,0,0,0,0,0
26,2,0,0,0,0,0
18,0,0,0,0,0,0
18,1,0,0,0,0,0
18,1,0,0,0,0,0
19,2,0,0,0,0,0
26,3,0,0,0,0,0
19,2,0,0,0,0,0
18,1,0,0,0,0,0
18,1,0,0,0,0,0
18,1,0,0,0,0,0
18,1,0,0,0,0,0
18,1,0,0,0,0,0
18,1,0,0,0,0,0
18,1,0,0,0,0,0
18,1,0,0,0,0,0
18,1,0,0,0,0,0
18,1,0,0,0,0,0
18,1,0,0,0,0,0
18,1,0,0,0,0,0
18,1,0,0,0,0,0
18,1,0,0,0,0,0
20,3,0,0,0,0,0
23,0,0,0,0,0,0
31,0,0,0,0,0,0
44,0,0,0,0,0,0
51,2,0,0,0,0,0
20,3,0,0,0,0,0
18,0,0,0,0,0,0
18,1,0,0,0,0,0
18,1,0,0,0,0,0
19,2,0,0,0,0,0
18,1,0,0,0,0,0
18,1,0,0,0,0,0
18,1,0,0,0,0,0
18,1,0,0,0,0,0
18,1,0,0,0,0,0
18,1,0,0,0,0,0
20,1,0,0,0,0,0
18,1,0,0,0,0,0
18,1,0,0,0,0,0
18,1,0,0,0,0,0
18,1,0,0,0,0,0
18,1,0,0,0,0,0
18,1,0,0,0,0,0
18,1,0,0,0,0,0
32,1,0,0,0,0,0
23,1,0,0,0,0,0
22,2,0,0,0,0,0
24,2,0,0,0,0,0
33,0,0,0,0,0,0
29,0,1,0,0,0,0
19,0,2,0,0,0,0
18,0,1,0,0,0,0
25,0,2,0,0,0,0
33,0,1,0,0,0,0
27,0,5,0,0,0,0
29,0,0,2,0,0,0
18,0,0,1,0,0,0
18,0,0,1,0,0,0
18,0,0,1,0,0,0
18,0,0,1,0,0,0
18,0,0,1,0,0,0
18,0,0,1,0,0,0
25,0,0,1,0,0,0
31,0,0,1,0,0,0
27,0,0,2,0,0,0
51,0,0,0,0,0,0
53,0,0,1,0,0,0
48,0,0,0,0,0,0
47,0,0,0,0,0,0
55,0,0,0,0,0,0
43,0,0,0,0,0,0
36,0,0,1,0,0,0
39,0,0,2,0,0,0
50,0,0,0,0,0,0
37,0,0,0,0,0,0
52,0,0,0,0,0,0
36,0,0,2,0,0,0
25,0,0,1,0,0,0
30,0,0,1,0,0,0
25,0,0,3,0,0,0
28,0,0,4,0,0,0
28,0,0,4,0,0,0
18,0,0,0,0,0,0
18,0,0,1,0,0,0
33,0,0,2,0,0,0
26,0,0,5,0,0,0
18,0,0,1,0,0,0
18,0,0,1,0,0,0
19,0,0,2,0,0,0
18,0,0,1,0,0,0
30,0,0,0,0,0,0
26,0,0,0,0,0,0
23,0,0,2,0,0,0
59,0,0,0,0,0,0
47,0,0,0,0,0,0
38,0,0,1,0,0,0
44,0,0,0,0,0,0
29,0,0,1,0,0,0
26,0,0,3,0,0,0
45,0,0,0,0,0,0
39,0,0,4,0,0,0
42,0,1,0,0,0,0
54,0,0,0,0,0,0
40,4,0,0,0,0,0
43,2,0,0,0,0,0
43,1,0,0,0,0,0
41,1,0,0,0,0,0
33,4,0,0,0,0,0
18,1,0,0,0,0,0
18,1,0,0,0,0,0
22,3,0,0,0,0,0
28,2,0,0,0,0,0
27,1,0,0,0,0,0
42,0,0,0,0,0,0
40,1,0,0,0,0,0
20,1,0,0,0,0,0
19,2,0,0,0,0,0
18,0,0,0,0,0,0
18,1,0,0,0,0,0
19,2,0,0,0,0,0
18,1,0,0,0,0,0
18,1,0,0,0,0,0
18,1,0,0,0,0,0
19,2,0,0,0,0,0
21,2,0,0,0,0,0
18,1,0,0,0,0,0
18,1,0,0,0,0,0
18,1,0,0,0,0,0
18,1,0,0,0,0,0
18,1,0,0,0,0,0
26,4,0,0,0,0,0
30,1,0,0,0,0,0
23,1,0,0,0,0,0
21,2,0,0,0,0,0
19,2,0,0,0,0,0
18,1,0,0,0,0,0
22,2,0,0,0,0,0
22,2,0,0,0,0,0
18,1,0,0,0,0,0
18,1,0,0,0,0,0
23,3,0,0,0,0,0
31,0,0,0,0,0,0
25,1,0,0,0,0,0
93,0,0,0,0,0,0
106,0,0,0,0,0,0
90,0,0,0,0,0,0
98,0,0,0,0,0,0
96,0,0,0,0,0,0
90,0,0,0,0,0,0
81,0,0,0,0,2,0
64,0,0,0,0,1,0
89,0,0,0,0,0,0
80,0,0,0,0,0,0
86,0,0,0,0,2,0
81,0,0,0,0,1,0
78,0,0,0,0,0,0
80,0,0,0,0,1,0
101,0,0,0,0,0,0
89,0,0,0,0,1,0
64,0,0,0,0,2,0
67,0,0,0,0,4,0
64,0,0,0,0,1,0
56,0,0,0,0,0,0
56,0,0,0,0,1,0
56,0,0,0,0,1,0
56,0,0,0,0,2,0
60,0,0,0,0,2,0
89,0,0,0,0,0,0
78,0,0,0,0,2,0
64,0,0,0,0,3,0
65,0,0,0,0,1,0
78,0,0,0,0,0,0
89,0,0,0,0,0,0
84,0,0,0,0,0,0
75,0,0,0,0,0,0
95,0,0,0,0,0,0
94,0,0,0,0,0,0
82,0,0,0,0,0,0
73,0,0,0,0,0,0
57,0,0,0,0,3,0
56,0,0,0,0,1,0
56,0,0,0,0,0,0
56,0,0,0,0,1,0
56,0,0,0,0,1,0
76,0,0,0,0,0,0
81,0,0,0,0,0,0
89,0,0,0,0,0,0
78,0,0,0,0,0,0
92,0,0,0,0,0,0
86,0,0,0,0,0,0
94,0,0,0,0,0,0
94,0,0,0,0,0,0
95,0,0,0,0,0,0
100,0,0,0,0,0,0
87,0,0,0,0,0,0
92,0,0,0,0,0,0
102,0,0,0,0,0,0
102,0,0,0,0,0,0
98,0,0,0,0,0,0
95,0,0,0,0,0,0
75,0,0,0,0,0,0
79,0,0,0,0,0,0
101,0,0,0,0,0,0
97,0,0,0,0,0,0
91,0,0,0,0,0,0
90,0,0,0,0,0,0
106,0,0,0,0,0,0
85,0,0,0,0,0,0
87,0,0,0,0,0,0
84,0,0,0,0,0,0
89,0,0,0,0,0,0
94,0,0,0,0,0,0
103,0,0,0,0,0,0
93,0,0,0,0,0,0
83,0,0,0,0,0,0
96,0,0,0,0,0,0
77,0,0,0,0,0,4
82,0,0,0,0,0,2
77,0,0,0,0,0,1
73,0,0,0,0,0,1
82,0,0,0,0,0,1
76,0,0,0,0,0,1
95,0,0,0,0,0,0
72,0,0,0,0,0,1
85,0,0,0,0,0,0
100,0,0,0,0,0,0
82,0,0,0,0,0,0
94,0,0,0,0,0,0
89,0,0,0,0,0,0
88,0,0,0,0,0,0
85,0,0,0,0,0,0
72,0,0,0,0,0,0
77,0,0,0,0,0,0
97,0,0,0,0,0,0
77,0,0,0,0,0,0
68,0,0,0,0,0,0
85,0,0,0,0,0,0
69,0,0,0,0,3,0
66,0,0,0,0,3,0
60,0,0,0,0,3,0
56,0,0,0,0,1,0
56,0,0,0,1,0,0
56,0,0,0,1,0,0
56,0,0,0,1,0,0
56,0,0,0,1,0,0
56,0,0,0,1,0,0
64,0,0,0,2,0,0
62,0,0,0,1,0,0
56,0,0,0,0,0,0
56,0,0,0,1,0,0
56,0,0,0,1,0,0
56,0,0,0,2,0,0
57,0,0,0,1,0,0
55,0,0,0,1,0,0
57,0,0,0,1,0,0
56,0,0,0,1,0,0
64,0,0,0,4,0,0
64,0,0,0,2,0,0
56,0,0,0,1,0,0
56,0,0,0,1,0,0
56,0,0,0,1,0,0
56,0,0,0,1,0,0
56,0,0,0,1,0,0
56,0,0,0,1,0,0
65,0,0,0,4,0,0
64,0,0,0,2,0,0
56,0,0,0,0,0,0
56,0,0,0,1,0,0
61,0,0,0,0,2,0
84,0,0,0,0,0,0
80,0,0,0,0,3,0
76,0,0,0,0,0,0
89,0,0,0,0,0,0
95,0,0,0,0,0,0
83,0,0,0,0,0,0
97,0,0,0,0,0,0
101,0,0,0,0,0,0
83,0,0,0,0,0,0
89,0,0,0,0,0,0
96,0,0,0,0,0,0
91,0,0,0,0,0,0
80,0,0,0,0,0,0
89,0,0,0,0,0,0
83,0,0,0,0,0,0
89,0,0,0,0,0,0
97,0,0,0,0,0,0
75,0,0,0,0,0,0
69,0,0,0,2,0,0
56,0,0,0,2,0,0
56,0,0,0,0,0,0
56,0,0,0,1,0,0
56,0,0,0,1,0,0
56,0,0,0,1,0,0
56,0,0,0,1,0,0
56,0,0,0,1,0,0
57,0,0,0,2,0,0
62,0,0,0,3,0,0
69,0,0,0,0,0,0
64,0,0,0,1,0,0
71,0,0,0,1,0,0
94,0,0,0,1,0,0
76,0,0,0,1,0,0
84,0,0,0,0,0,0
63,0,0,0,3,0,0
64,0,0,0,2,0,0
62,0,0,0,2,0,0
64,0,0,0,2,0,0
57,0,0,0,2,0,0
56,0,0,0,1,0,0
56,0,0,0,1,0,0
56,0,0,0,1,0,0
56,0,0,0,1,0,0
58,0,0,0,3,0,0
61,0,0,0,3,0,0
67,0,0,0,1,0,0
58,0,0,0,2,0,0
67,0,0,0,2,0,0
72,0,0,0,3,0,0
88,0,0,0,0,0,0
80,0,0,0,0,0,0
90,0,0,0,0,0,0
69,0,0,0,1,0,0
93,0,0,0,0,0,0
96,0,0,0,0,0,0
98,0,0,0,0,0,0
107,0,0,0,0,0,0
101,0,0,0,0,0,0
98,0,0,0,0,0,0
100,0,0,0,0,0,0
90,0,0,0,0,0,0
96,0,0,0,0,0,0
76,0,0,0,0,0,0
76,0,0,0,0,0,0
91,0,0,0,0,0,0
95,0,0,0,0,0,0
87,0,0,0,0,0,0
86,0,0,0,0,0,0
89,0,0,0,0,0,0
93,0,0,0,0,0,0
81,0,0,0,0,0,0
78,0,0,0,0,1,0
74,0,0,0,0,1,0
58,0,0,0,0,1,0
56,0,0,0,0,1,0
60,0,0,0,0,5,0
84,0,0,0,0,0,0
75,0,0,0,0,0,0
85,0,0,0,0,0,0
82,0,0,0,0,0,0
71,0,0,0,0,0,0
56,0,0,0,0,1,0
56,0,0,0,0,1,0
56,0,0,0,0,1,0
56,0,0,0,0,1,0
65,0,0,0,0,2,0
59,0,0,0,0,2,0
58,0,0,0,0,3,0
56,0,0,0,0,1,0
62,0,0,0,0,4,0
65,0,0,0,0,1,0
58,0,0,0,0,1,0
60,0,0,0,0,2,0
73,0,0,0,0,2,0
66,0,0,0,0,1,0
60,0,0,0,0,3,0
57,0,0,0,0,1,0
63,0,0,0,0,3,0
84,0,0,0,0,0,0
85,0,0,0,0,0,0
93,0,0,0,0,0,0
84,0,0,0,0,0,0
81,0,0,0,0,0,0
106,0,0,0,0,0,0
105,0,0,0,0,0,0
94,0,0,0,0,0,0
111,0,0,0,0,0,0
103,0,0,0,0,0,0
103,0,0,0,0,0,0
100,0,0,0,0,0,0
93,0,0,0,0,0,0
97,0,0,0,0,0,0
100,0,0,0,0,0,0
97,0,0,0,0,0,0
94,0,0,0,0,0,0
91,0,0,0,0,0,0
84,0,0,0,0,0,0
94,0,0,0,0,0,0
99,0,0,0,0,0,0
90,0,0,0,0,0,0
89,0,0,0,0,0,0
84,0,0,0,0,0,0
91,0,0,0,0,0,0
98,0,0,0,0,0,0
92,0,0,0,0,0,0
97,0,0,0,0,0,0
79,0,0,0,0,0,0
87,0,0,0,0,0,0
83,0,0,0,0,0,0
84,0,0,0,0,0,0
93,0,0,0,0,0,0
85,0,0,0,0,0,0
96,0,0,0,0,0,0
94,0,0,0,0,0,0
84,0,0,0,0,0,0
91,0,0,0,0,0,0
108,0,0,0,0,0,0
78,0,0,0,0,2,0
60,0,0,0,0,3,0
62,0,0,0,0,3,0
59,0,0,0,0,3,0
56,0,0,0,0,0,0
57,0,0,0,0,2,0
57,0,0,0,0,2,0
71,0,0,0,0,2,0
56,0,0,0,0,1,0
57,0,0,0,0,2,0
56,0,0,0,0,1,0
56,0,0,0,0,1,0
61,0,0,0,0,1,1
82,0,0,0,0,0,4
95,0,0,0,0,0,0
70,0,0,0,0,0,0
72,0,0,0,0,0,0
88,0,0,0,0,0,0
85,0,0,0,0,0,0
89,0,0,0,0,0,0
87,0,0,0,0,0,0
71,0,0,0,0,0,0
86,0,0,0,0,0,0
91,0,0,0,0,0,0
80,0,0,0,0,0,0
93,0,0,0,0,0,0
93,0,0,0,0,0,0
95,0,0,0,0,0,0
86,0,0,0,0,0,0
89,0,0,0,0,0,0
98,0,0,0,0,0,0
82,0,0,0,0,0,0
74,0,0,0,0,0,0
66,0,0,0,0,0,1
66,0,0,0,0,0,3
83,0,0,0,0,0,0
90,0,0,0,0,0,1
80,0,0,0,0,0,0
96,0,0,0,0,0,0
94,0,0,0,0,0,0
96,0,0,0,0,0,0
78,0,0,0,0,0,0
83,0,0,0,0,0,0
89,0,0,0,0,0,0
83,0,0,0,0,0,0
96,0,0,0,0,0,0
84,0,0,0,0,0,0
87,0,0,0,0,0,0
87,0,0,0,0,0,0
76,0,0,0,0,0,0
94,0,0,0,0,0,0
87,0,0,0,2,0,0
74,0,0,0,0,0,0
80,0,0,0,1,0,0
75,0,0,0,0,0,0
52,0,0,0,2,0,0
51,0,0,0,2,0,0
51,0,0,0,0,0,0
51,0,0,0,1,0,0
51,0,0,0,1,0,0
51,0,0,0,1,0,0
51,0,0,0,1,0,0
51,0,0,0,1,0,0
51,0,0,0,1,0,0
53,0,0,0,1,0,0
56,0,0,0,2,0,0
51,0,0,0,1,0,0
51,0,0,0,1,0,0
57,0,0,0,4,0,0
64,0,0,0,1,0,0
71,0,0,0,2,0,0
61,0,0,0,2,0,0
61,0,0,0,3,0,0
71,0,0,0,3,0,0
77,0,0,0,0,0,0
74,0,0,0,3,0,0
85,0,0,0,2,0,0
56,0,0,0,1,0,0
51,0,0,0,1,0,0
52,0,0,0,2,0,0
53,0,0,0,1,0,0
51,0,0,0,1,0,0
51,0,0,0,1,0,0
51,0,0,0,1,0,0
57,0,0,0,1,0,0
56,0,0,0,1,0,0
51,0,0,0,0,0,0
51,0,0,0,1,0,0
51,0,0,0,1,0,0
51,0,0,0,1,0,0
50,0,0,0,1,0,0
51,0,0,0,0,0,0
51,0,0,0,1,0,0
51,0,0,0,1,0,0
51,0,0,0,1,0,0
51,0,0,0,1,0,0
51,0,0,0,1,0,0
51,0,0,0,1,0,0
51,0,0,0,1,0,0
51,0,0,0,1,0,0
52,0,0,0,2,0,0
51,0,0,0,1,0,0
51,0,0,0,1,0,0
52,0,0,0,2,0,0
54,0,0,0,1,0,0
54,0,0,0,3,0,0
51,0,0,0,1,0,0
51,0,0,0,1,0,0
62,0,0,0,3,0,0
62,0,0,0,3,0,0
52,0,0,0,2,0,0
51,0,0,0,1,0,0
59,0,0,0,2,0,0
72,0,0,0,0,0,0
73,0,0,0,1,0,0
56,0,0,0,3,0,0
51,0,0,0,1,0,0
52,0,0,0,2,0,0
51,0,0,0,1,0,0
51,0,0,0,1,0,0
51,0,0,0,1,0,0
51,0,0,0,1,0,0
58,0,0,0,2,0,0
55,0,0,0,1,0,0
51,0,0,0,1,0,0
51,0,0,0,1,0,0
56,0,0,0,3,0,0
77,0,0,0,1,0,0
70,0,0,0,0,0,0
82,0,0,0,0,0,0
82,0,0,0,0,0,1
74,0,0,0,0,0,0
67,0,0,0,0,0,2
72,0,0,0,0,0,2
74,0,0,0,0,0,2
72,0,0,0,0,0,1
82,0,0,0,0,0,0
84,0,0,0,0,0,0
72,0,0,0,0,0,0
75,0,0,0,0,0,0
90,0,0,0,0,0,0
90,0,0,0,0,0,0
93,0,0,0,0,0,0
89,0,0,0,0,0,0
90,0,0,0,0,0,0
84,0,0,0,0,0,0
78,0,0,0,0,0,0
70,0,0,0,0,0,1
69,0,0,0,0,0,1
63,0,0,0,0,0,0
52,0,0,0,0,0,1
52,0,0,0,0,0,2
58,0,0,0,0,0,2
61,0,0,0,0,0,1
51,0,0,0,0,0,1
51,0,0,0,0,0,1
55,0,0,0,0,0,1
51,0,0,0,0,0,1
51,0,0,0,0,0,1
51,0,0,0,0,0,1
58,0,0,0,0,0,3
54,0,0,0,0,0,2
51,0,0,0,0,0,0
52,0,0,0,0,0,2
51,0,0,0,0,0,1
51,0,0,0,0,0,1
51,0,0,0,0,0,1
52,0,0,0,0,0,2
51,0,0,0,0,0,1
51,0,0,0,0,0,1
61,0,0,0,0,0,2
57,0,0,0,0,0,1
59,0,0,0,0,0,3
54,0,0,0,0,0,1
55,0,0,0,0,0,1
51,0,0,0,0,0,1
51,0,0,0,0,0,1
51,0,0,0,0,0,1
51,0,0,0,0,0,1
52,0,0,0,0,0,2
57,0,0,0,0,0,3
55,0,0,0,0,0,2
59,0,0,0,0,0,2
53,0,0,0,0,0,3
51,0,0,0,0,0,1
51,0,0,0,0,0,1
51,0,0,0,0,0,1
51,0,0,0,0,0,1
51,0,0,0,0,0,1
51,0,0,0,0,0,1
51,0,0,0,0,0,1
52,0,0,0,0,0,1
55,0,0,0,0,0,2
66,0,0,0,0,0,1
67,0,0,0,0,0,0
75,0,0,0,0,0,1
69,0,0,0,0,0,0
60,0,0,0,0,0,2
54,0,0,0,0,0,4
75,0,0,0,0,0,0
73,0,0,0,0,0,4
83,0,0,0,0,0,0
73,0,0,0,0,0,0
56,0,0,0,1,0,0
51,0,0,0,1,0,0
51,0,0,0,1,0,0
56,0,0,0,4,0,0
68,0,0,0,2,0,0
68,0,0,0,1,0,0
81,0,0,0,0,0,0
66,0,0,0,3,0,0
65,0,0,0,2,0,0
51,0,0,0,1,0,0
51,0,0,0,1,0,0
51,0,0,0,1,0,0
51,0,0,0,1,0,0
51,0,0,0,1,0,0
51,0,0,0,1,0,0
54,0,0,0,2,0,0
53,0,0,0,2,0,0
63,0,0,0,1,0,0
61,0,0,0,1,0,0
60,0,0,0,1,0,0
62,0,0,0,3,0,0
66,0,0,0,0,0,0
60,0,0,0,2,0,0
52,0,0,0,1,0,0
51,0,0,0,1,0,0
59,0,0,0,2,0,0
57,0,0,0,3,0,0
53,0,0,0,2,0,0
71,0,0,0,4,0,0
94,0,0,0,0,0,0
79,0,0,0,0,0,0
79,0,0,0,0,0,0
80,0,0,0,0,0,0
90,0,0,0,0,0,0
70,0,0,0,0,0,0
81,0,0,0,1,0,0
67,0,0,0,3,0,0
73,0,0,0,1,0,0
77,0,0,0,0,0,0
82,0,0,0,0,0,0
97,0,0,0,0,0,0
102,0,0,0,0,0,0
80,0,0,0,0,0,0
72,0,0,0,0,0,0
86,0,0,0,0,0,0
93,0,0,0,0,0,0
82,0,0,0,0,0,0
86,0,0,0,0,0,0
74,0,0,0,0,0,0
79,0,0,0,1,0,0
55,0,0,0,1,0,0
51,0,0,0,1,0,0
51,0,0,0,1,0,0
51,0,0,0,1,0,0
51,0,0,0,1,0,0
51,0,0,0,1,0,0
51,0,0,0,1,0,0
52,0,0,0,2,0,0
51,0,0,0,1,0,0
56,0,0,0,3,0,1
75,0,0,0,0,0,2
76,0,0,0,0,0,0
58,0,0,0,0,0,3
52,0,0,0,0,0,2
51,0,0,0,0,0,1
51,0,0,0,0,0,1
51,0,0,0,0,0,1
57,0,0,0,0,0,3
79,0,0,0,0,0,3
84,0,0,0,0,0,2
55,0,0,0,0,0,3
61,0,0,0,0,0,0
54,0,0,0,0,0,3
54,0,0,0,0,0,1
59,0,0,0,0,0,1
54,0,0,0,0,0,4
67,0,0,0,0,0,2
51,0,0,0,0,0,1
51,0,0,0,0,0,1
59,0,0,0,0,0,4
61,0,0,0,0,0,1
51,0,0,0,0,0,0
51,0,0,0,0,0,1
51,0,0,0,0,0,1
51,0,0,0,0,0,1
61,0,0,0,0,0,2
75,0,0,0,0,0,2
91,0,0,0,0,0,0
77,0,0,0,0,0,0
77,0,0,0,0,0,0
69,0,0,0,0,0,0
95,0,0,0,0,0,0
89,0,0,0,0,0,0
75,0,0,0,1,0,0
66,0,0,0,0,0,0
80,0,0,0,0,0,0
84,0,0,0,0,0,0
80,0,0,0,0,0,0
67,0,0,0,2,0,0
83,0,0,0,0,0,0
71,0,0,0,0,0,0
79,0,0,0,0,0,0
63,0,0,0,2,0,0
51,0,0,0,0,0,0
51,0,0,0,1,0,0
51,0,0,0,1,0,0
51,0,0,0,1,0,0
61,0,0,0,0,0,0
59,0,0,0,3,0,0
51,0,0,0,0,0,0
51,0,0,0,1,0,0
55,0,0,0,3,0,0
62,0,0,0,1,0,0
56,0,0,0,2,0,0
53,0,0,0,2,0,0
51,0,0,0,1,0,0
51,0,0,0,1,0,0
57,0,0,0,3,0,0
76,0,0,0,0,0,0
89,0,0,0,0,0,0
91,0,0,0,0,0,0
84,0,0,0,1,0,0
63,0,0,0,4,0,0
58,0,0,0,4,0,0
66,0,0,0,3,0,0
85,0,0,0,0,0,0
92,0,0,0,0,0,0
91,0,0,0,0,0,0
92,0,0,0,0,0,0
86,0,0,0,0,0,0
84,0,0,0,0,0,0
82,0,0,0,0,0,0
95,0,0,0,0,0,0
87,0,0,0,0,0,0
84,0,0,0,0,0,0
98,0,0,0,0,0,0
102,0,0,0,0,0,0
100,0,0,0,0,0,0
105,0,0,0,0,0,0
111,0,0,0,0,0,0
106,0,0,0,0,0,0
104,0,0,0,0,0,0
107,0,0,0,0,0,0
107,0,0,0,0,0,0
92,0,0,0,0,0,0
90,0,0,0,0,0,2
75,0,0,0,0,0,0
80,0,0,0,0,0,1
96,0,0,0,0,0,0
100,0,0,0,0,0,0
104,0,0,0,0,0,1
94,0,0,0,0,0,2
96,0,0,0,0,0,0
99,0,0,0,0,0,3
104,0,0,0,0,0,0
89,0,0,0,1,0,0
95,0,0,0,0,0,0
84,0,0,0,1,0,0
110,0,0,0,0,0,0
90,0,0,0,1,0,0
76,0,0,0,4,0,0
73,0,0,0,1,0,0
69,0,0,0,1,0,0
75,0,0,0,2,0,0
92,0,0,0,1,0,0
94,0,0,0,0,0,0
107,0,0,0,0,0,0
121,0,0,0,0,0,0
103,0,0,0,0,0,0
90,0,0,0,3,0,0
71,0,0,0,2,0,0
79,0,0,0,0,0,0
97,0,0,0,1,0,0
93,0,0,0,0,0,0
91,0,0,0,0,0,0
95,0,0,0,1,0,0
99,0,0,0,1,0,0
84,0,0,0,4,0,0
89,0,0,0,1,0,0
99,0,0,0,1,0,0
95,0,0,0,0,0,0
87,0,0,0,2,0,0
94,0,0,0,0,0,0
95,0,0,0,0,0,0
88,0,0,0,1,0,0
101,0,0,0,0,0,0
97,0,0,0,0,0,0
101,0,0,0,0,0,0
108,0,0,0,0,0,0
95,0,0,0,0,0,0
105,0,0,0,0,0,0
96,0,0,0,1,0,0
86,0,0,0,0,0,0
90,0,0,0,1,0,0
80,0,0,0,0,0,0
74,0,0,0,1,0,0
72,0,0,0,1,0,0
76,0,0,0,2,0,0
89,0,0,0,4,0,0
104,0,0,0,0,0,0
76,0,0,0,1,0,0
83,0,0,0,1,0,0
71,0,0,0,2,0,0
69,0,0,0,1,0,0
69,0,0,0,1,0,0
69,0,0,0,1,0,0
69,0,0,0,1,0,0
69,0,0,0,1,0,0
70,0,0,0,2,0,0
74,0,0,0,4,0,0
75,0,0,0,3,0,0
69,0,0,0,1,0,0
69,0,0,0,1,0,0
69,0,0,0,1,0,0
69,0,0,0,1,0,0
71,0,0,0,1,0,0
69,0,0,0,1,0,0
73,0,0,0,2,0,0
71,0,0,0,2,0,0
70,0,0,0,2,0,0
69,0,0,0,1,0,0
69,0,0,0,1,0,0
69,0,0,0,1,0,0
69,0,0,0,1,0,0
70,0,0,0,2,0,0
73,0,0,0,3,0,0
86,0,0,0,1,0,0
97,0,0,0,0,0,0
86,0,0,0,0,0,0
92,0,0,0,2,0,0
75,0,0,0,3,0,0
69,0,0,0,1,0,0
69,0,0,0,1,0,0
69,0,0,0,1,0,0
69,0,0,0,1,0,0
69,0,0,0,1,0,0
69,0,0,0,1,0,0
69,0,0,0,1,0,0
69,0,0,0,1,0,0
73,0,0,0,3,0,0
81,0,0,0,0,0,0
81,0,0,0,1,0,0
81,0,0,0,2,0,0
69,0,0,0,1,0,0
69,0,0,0,1,0,0
69,0,0,0,1,0,0
69,0,0,0,1,0,0
74,0,0,0,0,0,0
107,0,0,0,1,0,0
91,0,0,0,1,0,0
91,0,0,0,4,0,0
108,0,0,0,0,0,0
106,0,0,0,0,0,0
112,0,0,0,0,0,0
93,0,0,0,0,0,0
99,0,0,0,0,4,0
77,0,0,0,0,5,0
69,0,0,0,0,0,0
69,0,0,0,0,1,0
69,0,0,0,0,1,0
69,0,0,0,0,1,0
78,0,0,0,0,2,0
89,0,0,0,0,0,0
116,0,0,0,0,0,0
106,0,0,0,0,0,0
114,0,0,0,0,0,0
97,0,0,0,0,0,0
102,0,0,0,0,0,0
90,0,0,0,0,0,0
94,0,0,0,0,0,0
113,0,0,0,0,0,0
96,0,0,0,0,0,0
96,0,0,0,1,0,0
83,0,0,0,2,0,0
93,0,0,0,1,0,0
105,0,0,0,0,0,0
116,0,0,0,0,0,0
99,0,0,0,0,0,0
106,0,0,0,0,0,0
104,0,0,0,0,0,0
105,0,0,0,0,0,0
110,0,0,0,1,0,0
103,0,0,0,0,0,0
107,0,0,0,0,0,0
104,0,0,0,0,0,0
123,0,0,0,0,0,0
116,0,0,0,0,0,0
111,0,0,0,0,0,0
113,0,0,0,0,0,0
101,0,0,0,0,0,0
104,0,0,0,0,0,0
115,0,0,0,0,0,0
121,0,0,0,0,0,0
97,0,0,0,0,0,0
72,0,0,0,0,0,3
69,0,0,0,0,0,0
69,0,0,0,0,0,1
69,0,0,0,0,0,1
69,0,0,0,0,0,1
69,0,0,0,0,0,1
69,0,0,0,0,0,1
69,0,0,0,0,0,1
69,0,0,0,0,0,1
69,0,0,0,0,0,1
69,0,0,0,0,0,1
70,0,0,0,0,0,2
84,0,0,0,0,0,0
69,0,0,0,0,0,1
69,0,0,0,0,0,1
75,0,0,0,0,0,2
91,0,0,0,0,0,0
106,0,0,0,0,0,0
93,0,0,0,0,0,0
98,0,0,0,0,0,0
96,0,0,0,0,0,0
89,0,0,0,0,0,0
100,0,0,0,0,0,0
92,0,0,0,0,0,0
92,0,0,0,0,0,0
114,0,0,0,0,0,0
90,0,0,0,0,0,0
103,0,0,0,0,0,0
105,0,0,0,0,0,0
106,0,0,0,0,0,0
104,0,0,0,0,0,0
108,0,0,0,0,0,0
102,0,0,0,0,0,0
106,0,0,0,0,0,0
97,0,0,0,0,0,0
119,0,0,0,0,0,0
108,0,0,0,0,0,0
100,0,0,0,0,0,0
93,0,0,0,0,0,0
90,0,0,0,0,0,0
73,0,0,0,0,0,3
69,0,0,0,0,0,0
69,0,0,0,0,0,1
79,0,0,0,0,0,1
76,0,0,0,0,0,4
69,0,0,0,0,0,1
69,0,0,0,0,0,1
69,0,0,0,0,0,1
70,0,0,0,0,0,2
74,0,0,0,0,0,2
75,0,0,0,0,0,0
75,0,0,0,0,0,1
73,0,0,0,0,0,2
69,0,0,0,0,0,1
69,0,0,0,0,0,1
71,0,0,0,0,0,1
69,0,0,0,0,0,1
72,0,0,0,0,0,5
84,0,0,0,0,0,1
75,0,0,0,0,0,1
73,0,0,0,0,0,3
69,0,0,0,0,0,1
69,0,0,0,0,0,1
74,0,0,0,0,0,2
85,0,0,0,0,0,1
93,0,0,0,0,0,2
103,0,0,0,0,0,1
101,0,0,0,0,0,0
93,0,0,0,0,0,2
108,0,0,0,0,0,0
105,0,0,0,0,0,1
105,0,0,0,0,0,0
104,0,0,0,0,0,0
97,0,0,0,0,0,0
100,0,0,0,0,0,0
103,0,0,0,0,0,0
108,0,0,0,0,0,0
104,0,0,0,0,0,0
98,0,0,0,0,0,0
115,0,0,0,0,0,0
105,0,0,0,0,0,0
104,0,0,0,0,0,0
104,0,0,0,0,0,0
104,0,0,0,0,0,0
110,0,0,0,0,0,0
106,0,0,0,0,0,0
116,0,0,0,0,0,0
120,0,0,0,0,0,0
110,0,0,0,0,0,0
105,0,0,0,0,0,0
108,0,0,0,0,0,0
99,0,0,0,0,0,0
103,0,0,0,0,0,0
106,0,0,0,0,0,0
89,0,0,0,0,0,0
100,0,0,0,0,0,0
112,0,0,0,0,0,0
110,0,0,0,0,0,0
98,0,0,0,0,0,0
111,0,0,0,0,0,0
100,0,0,0,0,0,0
104,0,0,0,0,0,0
109,0,0,0,0,0,0
97,0,0,0,1,0,0
95,0,0,0,0,0,0
97,0,0,0,0,0,0
101,0,0,0,0,0,0
92,0,0,0,0,0,0
91,0,0,0,2,0,0
79,0,0,0,3,0,0
100,0,0,0,0,0,0
116,0,0,0,0,0,0
109,0,0,0,0,0,0
94,0,0,0,0,0,0
93,0,0,0,0,0,1
97,0,0,0,0,0,1
90,0,0,0,0,0,0
102,0,0,0,0,0,0
94,0,0,0,0,0,0
94,0,0,0,0,0,0
95,0,0,0,0,0,1
100,0,0,0,0,0,1
109,0,0,0,0,0,0
98,0,0,0,0,0,0
119,0,0,0,0,0,0
104,0,0,0,0,0,0
98,0,0,0,0,0,0
95,0,0,0,0,0,0
108,0,0,0,0,0,0
109,0,0,0,0,0,0
96,0,0,0,0,0,0
102,0,0,0,0,0,0
94,0,0,0,0,0,0
113,0,0,0,0,0,0
110,0,0,0,0,0,0
87,0,0,0,0,0,0
84,0,0,0,0,0,0
96,0,0,0,0,0,2
96,0,0,0,0,0,1
96,0,0,0,0,0,0
85,0,0,0,0,0,0
79,0,0,2,0,0,0
63,0,0,5,0,0,0
59,0,0,1,0,0,0
58,0,0,1,0,0,0
58,0,0,1,0,0,0
58,0,0,1,0,0,0
58,0,0,1,0,0,0
58,0,0,1,0,0,0
58,0,0,1,0,0,0
58,0,0,1,0,0,0
58,0,0,1,0,0,0
58,0,0,1,0,0,0
59,0,0,2,0,0,0
58,0,0,1,0,0,0
58,0,0,1,0,0,0
59,0,0,3,0,0,0
59,0,0,1,0,0,0
71,0,0,3,0,0,0
59,0,0,1,0,0,0
58,0,0,1,0,0,0
58,0,0,1,0,0,0
58,0,0,1,0,0,0
59,0,0,2,0,0,0
58,0,0,1,0,0,0
65,0,0,1,0,0,0
63,0,0,1,0,0,0
64,0,0,3,0,0,0
62,0,0,1,0,0,0
62,0,0,1,0,0,0
63,0,0,5,0,0,0
58,0,0,0,0,0,0
58,0,0,1,0,0,0
66,0,0,2,0,0,0
63,0,0,1,0,0,0
63,0,0,3,0,0,0
67,0,0,0,0,0,0
58,0,0,1,0,0,0
58,0,0,0,0,0,0
58,0,0,1,0,0,0
58,0,0,1,0,0,0
58,0,0,1,0,0,0
58,0,0,1,0,0,0
62,0,0,2,0,0,0
66,0,0,2,0,0,0
58,0,0,1,0,0,0
58,0,0,1,0,0,0
58,0,0,1,0,0,0
60,0,0,1,0,0,0
57,0,0,1,0,0,0
58,0,0,0,0,0,0
58,0,0,1,0,0,0
58,0,0,1,0,0,0
58,0,0,1,0,0,0
58,0,0,1,0,0,0
58,0,0,1,0,0,0
58,0,0,1,0,0,0
58,0,0,1,0,0,0
58,0,0,1,0,0,0
59,0,0,2,0,0,0
58,0,0,1,0,0,0
58,0,0,1,0,0,0
58,0,0,1,0,0,0
58,0,0,1,0,0,0
58,0,0,1,0,0,0
58,0,0,1,0,0,0
58,0,0,1,0,0,0
58,0,0,1,0,0,0
58,0,0,1,0,0,0
58,0,0,1,0,0,0
58,0,0,1,0,0,0
58,0,0,1,0,0,0
58,0,0,1,0,0,0
58,0,0,1,0,0,0
58,0,0,1,0,0,0
58,0,0,1,0,0,0
57,0,0,1,0,0,0
58,0,0,0,0,0,0
59,0,0,1,0,0,0
59,0,0,1,0,0,0
63,0,0,1,0,0,0
63,0,0,0,0,0,0
66,0,0,3,0,0,0
58,0,0,0,0,0,0
58,0,0,2,0,0,0
58,0,0,0,0,0,0
60,0,0,1,0,0,0
70,2,0,0,0,0,0
72,1,0,0,0,0,0
58,0,0,0,0,0,0
58,1,0,0,0,0,0
58,1,0,0,0,0,0
58,1,0,0,0,0,0
58,1,0,0,0,0,0
58,1,0,0,0,0,0
59,2,0,0,0,0,0
58,1,0,0,0,0,0
58,1,0,0,0,0,0
58,1,0,0,0,0,0
58,1,0,0,0,0,0
58,1,0,0,0,0,0
58,1,0,0,0,0,0
57,1,0,0,0,0,0
61,3,0,0,0,0,0
89,0,0,0,0,0,0
96,0,0,0,0,0,0
89,0,0,0,0,0,0
85,0,0,0,0,0,0
92,0,0,0,0,0,0
81,0,0,0,0,0,0
87,0,0,0,0,0,0
83,0,0,1,0,0,0
69,0,0,2,0,0,0
58,0,0,0,0,0,0
60,0,0,1,0,0,0
59,0,0,2,0,0,0
58,0,0,2,0,0,0
58,0,0,1,0,0,0
58,0,0,0,0,0,0
58,0,0,1,0,0,0
58,0,0,1,0,0,0
58,0,0,1,0,0,0
57,0,0,1,0,0,0
58,0,0,0,0,0,0
58,0,0,1,0,0,0
58,0,0,1,0,0,0
61,0,0,2,0,0,0
66,0,0,5,0,0,0
67,0,0,2,0,0,0
58,0,0,1,0,0,0
58,0,0,1,0,0,0
65,0,0,3,0,0,0
64,0,0,2,0,0,0
58,0,0,1,0,0,0
58,0,0,1,0,0,0
62,0,0,3,0,0,0
61,0,0,1,0,0,0
61,0,0,1,0,0,0
66,0,0,7,0,0,0
58,0,0,1,0,0,0
58,0,0,1,0,0,0
58,0,0,1,0,0,0
58,0,0,1,0,0,0
58,0,0,1,0,0,0
58,0,0,1,0,0,0
58,0,0,1,0,0,0
58,0,0,1,0,0,0
58,0,0,1,0,0,0
58,0,0,1,0,0,0
58,0,0,1,0,0,0
58,0,0,1,0,0,0
58,0,0,1,0,0,0
58,0,0,1,0,0,0
58,0,0,1,0,0,0
58,0,0,1,0,0,0
58,0,0,1,0,0,0
58,0,0,1,0,0,0
58,0,0,1,0,0,0
58,0,0,1,0,0,0
58,0,0,1,0,0,0
59,0,0,3,0,0,0
58,0,0,0,0,0,0
58,0,0,1,0,0,0
58,0,0,1,0,0,0
58,0,0,1,0,0,0
58,0,0,1,0,0,0
58,0,0,1,0,0,0
58,0,0,1,0,0,0
58,0,0,1,0,0,0
58,0,0,1,0,0,0
58,0,0,1,0,0,0
58,0,0,1,0,0,0
58,0,0,1,0,0,0
58,0,0,1,0,0,0
58,0,0,1,0,0,0
58,0,0,1,0,0,0
58,0,0,1,0,0,0
58,0,0,1,0,0,0
58,0,0,1,0,0,0
58,0,0,1,0,0,0
59,0,0,2,0,0,0
58,0,0,1,0,0,0
58,0,0,1,0,0,0
58,0,0,1,0,0,0
58,0,0,1,0,0,0
58,0,0,1,0,0,0
59,0,0,2,0,0,0
73,0,0,2,0,0,0
60,0,0,3,0,0,0
58,0,0,1,0,0,0
58,0,0,1,0,0,0
58,0,0,1,0,0,0
58,0,0,1,0,0,0
58,0,0,1,0,0,0
58,0,0,1,0,0,0
58,0,0,1,0,0,0
58,0,0,1,0,0,0
58,0,0,1,0,0,0
58,0,0,1,0,0,0
58,0,0,1,0,0,0
58,0,0,1,0,0,0
58,0,0,1,0,0,0
58,0,0,1,0,0,0
58,0,0,1,0,0,0
58,0,0,1,0,0,0
58,0,0,1,0,0,0
58,0,0,1,0,0,0
58,0,0,1,0,0,0
58,0,0,1,0,0,0
58,0,0,1,0,0,0
58,0,0,1,0,0,0
58,0,0,1,0,0,0
58,0,0,1,0,0,0
58,0,0,0,0,0,0
59,0,0,1,0,0,0
58,0,0,1,0,0,0
58,0,0,1,0,0,0
58,0,0,1,0,0,0
64,0,0,2,0,0,0
59,0,0,1,0,0,0
58,0,0,1,0,0,0
58,0,0,1,0,0,0
60,0,0,1,0,0,0
58,0,0,1,0,0,0
58,0,0,1,0,0,0
58,0,0,1,0,0,0
58,0,0,1,0,0,0
58,0,0,1,0,0,0
57,0,0,1,0,0,0
59,0,0,1,0,0,0
58,0,0,1,0,0,0
58,0,0,1,0,0,0
58,0,0,1,0,0,0
58,0,0,1,0,0,0
58,0,0,1,0,0,0
64,0,0,1,0,0,0
58,0,0,2,0,0,0
58,0,0,0,0,0,0
58,0,0,1,0,0,0
59,0,0,2,0,0,0
58,0,0,1,0,0,0
58,0,0,1,0,0,0
58,0,0,1,0,0,0
58,0,0,1,0,0,0
58,0,0,1,0,0,0
58,0,0,1,0,0,0
58,0,0,1,0,0,0
58,0,0,1,0,0,0
58,0,0,1,0,0,0
58,0,0,1,0,0,0
58,0,0,1,0,0,0
58,0,0,1,0,0,0
61,0,0,0,0,0,0
64,0,0,0,0,0,0
81,1,0,0,0,0,0
86,0,0,0,0,0,0
82,0,0,0,0,0,0
84,3,0,0,0,0,0
85,0,0,0,0,0,0
82,0,0,0,0,0,0
93,0,0,0,0,0,0
98,0,0,0,0,0,0
92,0,0,0,0,0,0
102,0,0,0,0,0,0
99,0,0,0,0,0,0
73,0,0,5,0,0,0
68,0,0,2,0,0,0
58,0,0,1,0,0,0
59,0,0,3,0,0,0
58,0,0,0,0,0,0
58,0,0,1,0,0,0
58,0,0,1,0,0,0
58,0,0,1,0,0,0
58,0,0,1,0,0,0
59,0,0,2,0,0,0
58,0,0,1,0,0,0
58,0,0,1,0,0,0
59,0,0,1,0,0,0
58,0,0,0,0,0,0
58,0,0,1,0,0,0
58,0,0,1,0,0,0
58,0,0,1,0,0,0
58,0,0,1,0,0,0
58,0,0,1,0,0,0
58,0,0,1,0,0,0
58,0,0,1,0,0,0
58,0,0,1,0,0,0
58,0,0,1,0,0,0
58,0,0,1,0,0,0
58,0,0,1,0,0,0
58,0,0,1,0,0,0
58,0,0,1,0,0,0
57,0,0,1,0,0,0
59,0,0,0,0,0,0
61,0,0,1,0,0,0
58,0,0,1,0,0,0
58,0,0,1,0,0,0
59,0,0,2,0,0,0
58,0,0,1,0,0,0
58,0,0,1,0,0,0
75,0,0,0,0,0,0
87,0,0,0,0,0,0
74,0,0,0,0,0,0
79,0,0,0,0,0,0
79,0,0,0,1,0,0
82,0,0,0,0,0,0
91,0,0,0,0,0,0
86,0,0,0,0,0,0
94,0,0,0,0,0,0
78,0,0,0,0,0,0
76,0,0,0,0,0,0
88,0,0,0,0,0,0
82,0,0,0,0,0,0
89,0,0,0,0,0,0
91,0,0,0,0,0,0
79,0,0,0,0,0,0
91,0,0,0,0,0,0
107,0,0,0,0,0,0
90,0,0,0,0,0,0
90,0,0,0,0,0,0
95,0,0,0,0,0,0
81,0,0,0,0,0,0
111,0,0,0,0,0,0
84,0,0,0,0,0,0
91,0,0,0,0,0,0
98,0,0,0,0,0,0
92,0,0,0,0,0,0
80,0,0,0,0,0,0
81,0,0,0,0,0,0
92,0,0,0,0,0,0
80,0,0,0,0,0,0
82,0,0,0,0,0,0
86,0,0,0,0,0,0
91,0,0,0,0,0,0
76,0,0,0,0,0,0
90,0,0,0,0,0,0
84,1,0,0,0,0,0
68,1,0,0,0,0,0
65,2,0,0,0,0,0
69,0,0,0,0,0,0
68,2,0,0,0,0,0
54,4,0,0,0,0,0
64,0,0,0,0,0,0
53,3,0,0,0,0,0
52,0,0,0,0,0,0
52,1,0,0,0,0,0
52,1,0,0,0,0,0
52,1,0,0,0,0,0
52,1,0,0,0,0,0
54,1,0,0,0,0,0
52,1,0,0,0,0,0
52,1,0,0,0,0,0
52,1,0,0,0,0,0
52,1,0,0,0,0,0
52,1,0,0,0,0,0
52,1,0,0,0,0,0
52,1,0,0,0,0,0
52,1,0,0,0,0,0
52,1,0,0,0,0,0
52,1,0,0,0,0,0
52,1,0,0,0,0,0
52,1,0,0,0,0,0
52,1,0,0,0,0,0
52,1,0,0,0,0,0
52,1,0,0,0,0,0
52,1,0,0,0,0,0
52,1,0,0,0,0,0
52,1,0,0,0,0,0
52,1,0,0,0,0,0
52,1,0,0,0,0,0
52,1,0,0,0,0,0
52,1,0,0,0,0,0
52,1,0,0,0,0,0
52,1,0,0,0,0,0
52,1,0,0,0,0,0
52,1,0,0,0,0,0
52,1,0,0,0,0,0
52,1,0,0,0,0,0
52,1,0,0,0,0,0
52,1,0,0,0,0,0
52,1,0,0,0,0,0
52,1,0,0,0,0,0
53,2,0,0,0,0,0
53,2,0,0,0,0,0
52,1,0,0,0,0,0
52,1,0,0,0,0,0
52,1,0,0,0,0,0
52,1,0,0,0,0,0
52,1,0,0,0,0,0
52,1,0,0,0,0,0
52,1,0,0,0,0,0
52,1,0,0,0,0,0
52,1,0,0,0,0,0
52,2,0,0,0,0,0
52,0,0,0,0,0,0
52,1,0,0,0,0,0
52,1,0,0,0,0,0
52,1,0,0,0,0,0
52,1,0,0,0,0,0
52,1,0,0,0,0,0
52,1,0,0,0,0,0
52,1,0,0,0,0,0
52,1,0,0,0,0,0
52,1,0,0,0,0,0
52,1,0,0,0,0,0
52,1,0,0,0,0,0
52,1,0,0,0,0,0
52,1,0,0,0,0,0
52,1,0,0,0,0,0
52,1,0,0,0,0,0
52,1,0,0,0,0,0
59,2,0,0,0,0,0
68,0,0,0,0,0,0
58,2,0,0,0,0,0
56,1,0,0,0,0,0
52,1,0,0,0,0,0
52,1,0,0,0,0,0
53,2,0,0,0,0,0
52,1,0,0,0,0,0
52,1,0,0,0,0,0
52,1,0,0,0,0,0
52,1,0,0,0,0,0
52,1,0,0,0,0,0
52,1,0,0,0,0,0
52,1,0,0,0,0,0
52,1,0,0,0,0,0
52,1,0,0,0,0,0
57,2,0,0,0,0,0
57,4,0,0,0,0,0
59,3,0,0,0,0,0
94,0,0,0,0,0,0
92,0,0,0,0,0,0
67,1,0,0,0,0,0
78,0,0,0,0,0,0
73,0,0,0,0,0,0
78,0,0,0,0,0,0
76,2,0,0,0,0,0
84,1,0,0,0,0,0
56,2,0,0,0,0,0
56,1,0,0,0,0,0
52,1,0,0,0,0,0
52,1,0,0,0,0,0
53,2,0,0,0,0,0
52,1,0,0,0,0,0
52,1,0,0,0,0,0
52,1,0,0,0,0,0
52,1,0,0,0,0,0
52,1,0,0,0,0,0
52,1,0,0,0,0,0
54,1,0,0,0,0,0
52,1,0,0,0,0,0
52,1,0,0,0,0,0
52,1,0,0,0,0,0
52,1,0,0,0,0,0
52,1,0,0,0,0,0
52,1,0,0,0,0,0
52,1,0,0,0,0,0
52,1,0,0,0,0,0
52,1,0,0,0,0,0
52,1,0,0,0,0,0
52,1,0,0,0,0,0
52,1,0,0,0,0,0
53,2,0,0,0,0,0
53,2,0,0,0,0,0
70,3,0,0,0,0,0
70,6,0,0,0,0,0
74,1,0,0,0,0,0
73,1,0,0,0,0,0
88,0,0,0,0,0,0
71,0,0,0,0,0,0
81,0,0,0,0,0,0
62,0,0,0,0,0,0
55,2,0,0,0,0,0
61,4,0,0,0,0,0
57,4,0,0,0,0,0
52,1,0,0,0,0,0
52,1,0,0,0,0,0
52,1,0,0,0,0,0
52,1,0,0,0,0,0
55,1,0,0,0,0,0
80,2,0,0,0,0,0
84,0,0,0,0,0,0
81,0,0,0,0,0,0
78,0,0,0,0,0,0
74,1,0,0,0,0,0
87,0,0,0,0,0,0
74,0,0,0,0,0,0
85,1,0,0,0,0,0
68,2,1,0,0,0,0
53,0,2,0,0,0,0
54,0,1,0,0,0,0
62,0,3,0,0,0,0
61,0,1,0,0,0,0
64,0,2,0,0,0,0
61,0,3,0,0,0,0
52,0,0,0,0,0,0
52,0,1,0,0,0,0
52,0,1,0,0,0,0
52,1,0,0,0,0,0
52,1,0,0,0,0,0
52,1,0,0,0,0,0
52,1,0,0,0,0,0
52,1,0,0,0,0,0
63,1,0,0,0,0,0
58,2,0,2,0,0,0
56,0,0,1,0,0,0
61,0,0,2,0,0,0
57,0,0,2,0,0,0
58,0,0,3,0,0,0
60,0,0,3,0,0,0
53,0,0,2,0,0,0
63,0,0,2,0,0,0
74,0,0,0,0,0,0
75,0,0,1,0,0,0
58,0,0,3,0,0,0
52,0,0,1,0,0,0
52,0,0,1,0,0,0
54,0,0,3,0,0,0
55,0,0,1,0,0,0
58,0,0,2,0,0,0
61,2,0,0,0,0,0
53,2,0,0,0,0,0
52,1,0,0,0,0,0
52,1,0,0,0,0,0
52,1,0,0,0,0,0
65,3,0,0,0,0,0
56,4,0,0,0,0,0
62,0,0,0,0,0,0
78,3,0,0,0,0,0
72,0,0,0,0,0,0
67,0,0,0,0,0,0
52,1,0,0,0,0,0
52,1,0,0,0,0,0
52,1,0,0,0,0,0
52,1,0,0,0,0,0
52,1,0,0,0,0,0
52,1,0,0,0,0,0
52,1,0,0,0,0,0
52,1,0,0,0,0,0
52,1,0,0,0,0,0
52,1,0,0,0,0,0
54,4,0,0,0,0,0
53,1,0,0,0,0,0
52,1,0,0,0,0,0
52,1,0,0,0,0,0
53,2,0,0,0,0,0
52,1,0,0,0,0,0
52,1,0,0,0,0,0
52,1,0,0,0,0,0
52,1,0,0,0,0,0
52,1,0,0,0,0,0
52,1,0,0,0,0,0
52,1,0,0,0,0,0
52,1,0,0,0,0,0
52,1,0,0,0,0,0
52,1,0,0,0,0,0
52,1,0,0,0,0,0
52,1,0,0,0,0,0
53,2,0,0,0,0,0
61,2,0,0,0,0,0
55,3,0,0,0,0,0
54,2,0,0,0,0,0
56,3,0,0,0,0,0
58,5,0,0,0,0,0
62,0,0,0,0,0,0
66,2,0,0,0,0,0
56,3,0,0,0,0,0
52,1,0,0,0,0,0
52,1,0,0,0,0,0
52,1,0,0,0,0,0
52,1,0,0,0,0,0
52,1,0,0,0,0,0
52,1,0,0,0,0,0
52,1,0,0,0,0,0
52,1,0,0,0,0,0
52,1,0,0,0,0,0
52,1,0,0,0,0,0
52,1,0,0,0,0,0
52,1,0,0,0,0,0
52,1,0,0,0,0,0
52,1,0,0,0,0,0
52,1,0,0,0,0,0
52,1,0,0,0,0,0
52,1,0,0,0,0,0
52,1,0,0,0,0,0
52,1,0,0,0,0,0
52,1,0,0,0,0,0
52,1,0,0,0,0,0
52,1,0,0,0,0,0
52,1,0,0,0,0,0
52,1,0,0,0,0,0
52,1,0,0,0,0,0
52,1,0,0,0,0,0
52,1,0,0,0,0,0
52,1,0,0,0,0,0
52,1,0,0,0,0,0
52,1,0,0,0,0,0
52,1,0,0,0,0,0
52,1,0,0,0,0,0
52,1,0,0,0,0,0
79,0,0,0,0,0,0
77,0,0,0,0,0,0
82,0,0,0,0,0,0
85,0,0,0,0,0,0
85,0,0,0,0,0,0
77,0,1,0,0,0,0
80,0,0,0,0,0,0
96,0,0,0,0,0,0
85,0,0,0,0,0,0
69,0,0,2,0,0,0
74,0,0,1,0,0,0
81,0,0,1,0,0,0
78,0,0,0,0,0,0
73,0,0,0,0,0,0
68,0,0,1,0,0,0
71,0,0,2,0,0,0
81,0,0,0,0,0,0
62,0,0,2,0,0,0
71,0,0,1,0,0,0
66,0,0,1,0,0,0
64,0,0,1,0,0,0
68,0,0,2,0,0,0
57,0,0,1,0,0,0
48,0,0,1,0,0,0
48,0,0,1,0,0,0
48,0,0,1,0,0,0
48,0,0,1,0,0,0
53,0,0,3,0,0,0
57,0,0,4,0,0,0
48,0,0,0,0,0,0
48,0,0,1,0,0,0
58,0,0,1,0,0,0
84,0,0,0,0,0,0
76,0,0,1,0,0,0
69,0,0,1,0,0,0
75,0,0,1,0,0,0
74,0,0,0,0,0,0
77,0,0,0,0,0,0
73,0,0,0,0,0,0
73,0,0,0,0,0,0
77,0,0,0,0,0,0
75,0,0,0,0,0,0
78,0,0,0,0,0,0
79,0,0,3,0,0,0
52,0,0,3,0,0,0
48,0,0,1,0,0,0
48,0,0,1,0,0,0
48,0,0,1,0,0,0
48,0,0,1,0,0,0
48,0,0,1,0,0,0
48,0,0,1,0,0,0
48,0,0,1,0,0,0
48,0,0,1,0,0,0
59,0,0,1,0,0,0
51,0,0,3,0,0,0
48,0,0,1,0,0,0
48,0,0,1,0,0,0
48,0,0,1,0,0,0
48,0,0,1,0,0,0
48,0,0,1,0,0,0
48,0,0,1,0,0,0
48,0,0,1,0,0,0
48,0,0,1,0,0,0
48,0,0,1,0,0,0
48,0,0,1,0,0,0
48,0,0,1,0,0,0
48,0,0,1,0,0,0
48,0,0,1,0,0,0
48,0,0,1,0,0,0
49,0,0,2,0,0,0
48,0,0,1,0,0,0
48,0,0,1,0,0,0
48,0,0,1,0,0,0
48,0,0,1,0,0,0
48,0,0,1,0,0,0
48,0,0,1,0,0,0
48,0,0,1,0,0,0
48,0,0,1,0,0,0
48,0,0,1,0,0,0
48,0,0,1,0,0,0
48,0,0,1,0,0,0
48,0,0,1,0,0,0
48,0,0,1,0,0,0
48,0,0,1,0,0,0
48,0,0,1,0,0,0
48,0,0,1,0,0,0
48,0,0,1,0,0,0
48,0,0,1,0,0,0
48,0,0,1,0,0,0
48,0,0,1,0,0,0
48,0,0,1,0,0,0
48,0,0,1,0,0,0
48,0,0,1,0,0,0
52,0,0,3,0,0,0
72,0,0,0,0,0,0
84,0,0,0,0,0,0
95,0,0,0,0,0,0
70,0,0,1,0,0,0
72,0,0,1,0,0,0
66,0,0,0,0,0,0
77,0,0,1,0,0,0
69,0,0,0,0,0,0
74,0,0,0,0,0,0
60,0,0,2,0,0,0
85,0,0,0,0,0,0
89,0,0,0,0,0,0
81,0,0,0,0,0,0
91,0,0,0,0,0,0
77,0,0,0,0,0,0
83,0,0,0,0,0,0
87,0,0,0,0,0,0
74,0,0,0,0,0,0
74,2,0,0,0,0,0
69,0,0,0,0,0,0
82,0,0,0,0,0,0
83,0,0,0,0,0,0
91,0,0,0,0,0,0
84,0,0,0,0,0,0
79,0,0,0,0,0,0
97,0,0,0,0,0,0
77,0,0,0,0,0,0
76,0,0,0,0,0,0
84,0,0,0,0,0,0
76,0,0,0,0,0,0
87,0,0,0,0,0,0
99,0,0,0,0,0,0
77,0,0,0,0,0,0
61,5,0,0,0,0,0
52,1,0,3,0,0,0
48,0,0,0,0,0,0
48,0,0,1,0,0,0
48,0,0,1,0,0,0
48,0,0,1,0,0,0
48,0,0,1,0,0,0
48,0,0,1,0,0,0
48,0,0,1,0,0,0
48,0,0,1,0,0,0
48,0,0,1,0,0,0
48,0,0,1,0,0,0
48,0,0,1,0,0,0
48,0,0,1,0,0,0
48,0,0,1,0,0,0
48,0,0,1,0,0,0
48,0,0,1,0,0,0
48,0,0,1,0,0,0
48,0,0,1,0,0,0
48,0,0,1,0,0,0
48,0,0,1,0,0,0
48,0,0,1,0,0,0
48,0,0,1,0,0,0
48,0,0,1,0,0,0
48,0,0,1,0,0,0
48,0,0,1,0,0,0
48,0,0,1,0,0,0
49,0,0,1,0,0,0
49,0,0,1,0,0,0
48,0,0,1,0,0,0
48,0,0,1,0,0,0
48,0,0,1,0,0,0
48,0,0,1,0,0,0
48,0,0,1,0,0,0
48,0,0,1,0,0,0
48,0,0,1,0,0,0
48,0,0,1,0,0,0
48,0,0,1,0,0,0
48,0,0,1,0,0,0
48,0,0,1,0,0,0
48,0,0,1,0,0,0
48,0,0,1,0,0,0
48,0,0,1,0,0,0
48,0,0,1,0,0,0
48,0,0,1,0,0,0
48,0,0,1,0,0,0
48,0,0,1,0,0,0
48,0,0,1,0,0,0
48,0,0,1,0,0,0
48,0,0,1,0,0,0
52,0,0,2,0,0,0
49,0,0,1,0,0,0
48,0,0,1,0,0,0
48,0,0,1,0,0,0
48,0,0,1,0,0,0
48,0,0,1,0,0,0
48,0,0,1,0,0,0
48,0,0,1,0,0,0
48,0,0,1,0,0,0
48,0,0,1,0,0,0
48,0,0,1,0,0,0
48,0,0,1,0,0,0
48,0,0,1,0,0,0
48,0,0,1,0,0,0
48,0,0,1,0,0,0
48,0,0,1,0,0,0
48,0,0,1,0,0,0
48,0,0,1,0,0,0
48,0,0,1,0,0,0
48,0,0,1,0,0,0
48,0,0,1,0,0,0
48,0,0,1,0,0,0
48,0,0,1,0,0,0
48,0,0,1,0,0,0
48,0,0,1,0,0,0
48,0,0,1,0,0,0
48,0,0,1,0,0,0
49,0,0,2,0,0,0
48,0,0,1,0,0,0
50,0,0,2,0,0,0
51,0,0,3,0,0,0
53,0,0,4,0,0,0
48,0,0,1,0,0,0
48,0,0,1,0,0,0
48,0,0,1,0,0,0
48,0,0,1,0,0,0
48,1,0,0,0,0,0
49,3,0,0,0,0,0
48,0,0,0,0,0,0
48,1,0,0,0,0,0
48,1,0,0,0,0,0
48,1,0,0,0,0,0
48,1,0,0,0,0,0
50,3,0,0,0,0,0
48,1,0,0,0,0,0
48,1,0,0,0,0,0
55,2,0,0,0,0,0
52,2,0,0,0,0,0
53,3,0,0,0,0,0
55,2,0,0,0,0,0
48,1,0,0,0,0,0
48,1,0,0,0,0,0
48,1,0,0,0,0,0
48,1,0,0,0,0,0
48,1,0,0,0,0,0
48,1,0,0,0,0,0
48,1,0,0,0,0,0
48,1,0,0,0,0,0
59,5,0,0,0,0,0
53,2,0,0,0,0,0
49,1,0,0,0,0,0
48,1,0,0,0,0,0
48,1,0,0,0,0,0
48,1,0,0,0,0,0
50,3,0,0,0,0,0
51,2,0,0,0,0,0
48,1,0,0,0,0,0
48,1,0,0,0,0,0
48,1,0,0,0,0,0
48,1,0,0,0,0,0
48,1,0,0,0,0,0
48,1,0,0,0,0,0
48,1,0,0,0,0,0
48,1,0,0,0,0,0
48,0,0,1,0,0,0
48,0,0,1,0,0,0
48,0,0,1,0,0,0
48,0,0,2,0,0,0
58,0,0,2,0,0,0
63,0,0,0,0,0,0
57,0,0,2,0,0,0
51,0,0,2,0,0,0
48,0,0,1,0,0,0
48,0,0,1,0,0,0
54,0,0,3,0,0,0
75,0,0,1,0,0,0
75,0,0,0,0,0,0
77,0,0,0,0,0,0
88,0,6,0,0,0,0
77,0,0,0,0,0,0
80,0,0,0,0,0,0
72,0,0,0,0,0,0
76,0,0,0,0,0,0
86,0,0,1,0,0,0
63,0,0,3,0,0,0
57,0,0,3,0,0,0
61,0,0,1,0,0,0
58,0,0,0,0,0,0
50,0,0,2,0,0,0
54,0,0,5,0,0,0
49,0,0,2,0,0,0
48,0,0,1,0,0,0
52,0,0,3,0,0,0
60,0,0,3,0,0,0
48,0,0,1,0,0,0
48,0,0,1,0,0,0
48,0,0,1,0,0,0
48,0,0,1,0,0,0
48,0,0,1,0,0,0
48,0,0,1,0,0,0
48,0,0,1,0,0,0
48,0,0,1,0,0,0
48,0,0,1,0,0,0
49,0,0,2,0,0,0
49,0,0,2,0,0,0
48,0,0,1,0,0,0
57,0,0,2,0,0,0
53,0,0,4,0,0,0
48,0,0,1,0,0,0
49,0,0,2,0,0,0
60,0,0,1,0,0,0
70,0,0,1,0,0,0
77,0,0,0,0,0,0
68,0,0,0,0,0,0
75,0,0,0,0,0,0
80,0,0,0,0,0,0
83,0,0,0,0,0,0
88,0,0,0,0,0,0
94,0,0,0,0,0,0
88,0,0,0,0,0,0
70,0,0,0,0,0,0
79,0,0,0,0,0,0
100,0,0,0,0,0,0
90,0,0,0,0,0,0
89,0,0,0,0,0,0
81,0,0,0,0,0,0
101,0,0,0,0,0,0
88,0,0,0,0,0,0
87,0,0,0,0,0,0
79,0,0,0,0,0,0
94,0,0,0,0,0,0
84,0,0,0,0,0,0
95,0,0,0,0,0,0
94,0,0,0,0,0,0
78,0,0,0,0,0,1
87,0,0,0,0,0,0
80,0,0,0,0,0,0
96,0,0,0,0,0,0
84,0,0,0,0,0,0
77,0,0,0,1,0,0
86,0,0,0,0,0,0
83,0,0,0,0,0,0
83,0,0,0,1,0,0
58,0,0,0,1,0,0
67,0,0,0,1,0,0
57,0,0,0,3,0,0
54,0,0,0,1,0,0
53,0,0,0,1,0,0
53,0,0,0,1,0,0
53,0,0,0,1,0,0
53,0,0,0,1,0,0
53,0,0,0,1,0,0
53,0,0,0,1,0,0
53,0,0,0,1,0,0
53,0,0,0,1,0,0
53,0,0,0,2,0,0
55,0,0,0,2,0,0
65,0,0,0,1,0,0
66,0,0,0,1,0,0
57,0,0,0,3,0,0
67,0,0,0,1,0,0
63,0,0,0,2,0,0
53,0,0,0,1,0,0
53,0,0,0,1,0,0
54,0,0,0,2,0,0
53,0,0,0,1,0,0
53,0,0,0,1,0,0
53,0,0,0,1,0,0
53,0,0,0,1,0,0
53,0,0,0,1,0,0
53,0,0,0,1,0,0
53,0,0,0,1,0,0
52,0,0,0,1,0,0
53,0,0,0,0,0,0
53,0,0,0,1,0,0
53,0,0,0,1,0,0
53,0,0,0,1,0,0
54,0,0,0,2,0,0
53,0,0,0,1,0,0
53,0,0,0,1,0,0
53,0,0,0,1,0,0
53,0,0,0,2,0,0
53,0,0,0,0,0,0
53,0,0,0,1,0,0
53,0,0,0,1,0,0
53,0,0,0,1,0,0
57,0,0,0,1,0,0
57,0,0,0,4,0,0
53,0,0,0,0,0,0
53,0,0,0,1,0,0
64,0,0,0,2,0,0
60,0,0,0,4,0,0
63,0,0,0,3,0,0
56,0,0,0,5,0,0
54,0,0,0,1,0,0
53,0,0,0,1,0,0
53,0,0,0,1,0,0
55,0,0,0,3,0,0
59,0,0,0,3,0,0
58,0,0,0,5,0,0
53,0,0,0,0,0,0
53,0,0,0,1,0,0
59,0,0,0,2,0,0
55,0,0,0,2,0,0
58,0,0,0,4,0,0
59,0,0,0,1,0,0
53,0,0,0,1,0,0
53,0,0,0,1,0,0
53,0,0,0,1,0,0
53,0,0,0,1,0,0
53,0,0,0,1,0,0
53,0,0,0,1,0,0
53,0,0,0,1,0,0
53,0,0,0,1,0,0
53,0,0,0,1,0,0
53,0,0,0,1,0,0
65,0,0,0,3,0,0
59,0,0,0,3,0,0
53,0,0,0,1,0,0
53,0,0,0,1,0,0
53,0,0,0,1,0,0
53,0,0,0,1,0,0
54,0,0,0,2,0,0
53,0,0,0,1,0,0
53,0,0,0,1,0,0
53,0,0,0,1,0,0
53,0,0,0,1,0,0
54,0,0,0,2,0,0
63,0,0,0,6,0,0
56,0,0,0,0,0,0
61,0,0,0,3,0,0
57,0,0,0,2,0,0
53,0,0,0,1,0,0
53,0,0,0,1,0,0
53,0,0,0,1,0,0
53,0,0,0,1,0,0
53,0,0,0,1,0,0
53,0,0,0,1,0,0
58,0,0,0,2,0,0
58,0,0,0,2,0,0
54,0,0,0,2,0,0
56,0,0,0,2,0,0
64,0,0,0,2,0,0
55,0,0,0,3,0,0
53,0,0,0,1,0,0
53,0,0,0,1,0,0
59,0,0,0,3,0,0
77,0,0,0,1,0,0
75,0,0,0,0,0,0
85,0,0,0,1,0,0
84,0,0,0,0,0,0
88,0,0,0,0,0,0
86,0,0,0,0,0,0
61,0,0,0,2,0,1
58,0,0,0,0,0,4
62,0,0,0,0,0,2
56,0,0,0,0,0,2
62,0,0,0,0,0,3
55,0,0,0,0,0,3
63,0,0,0,0,0,2
57,0,0,0,0,0,3
79,0,0,0,0,0,0
92,0,0,0,0,0,0
88,0,0,0,0,0,0
68,0,0,0,0,0,1
72,0,0,0,0,0,2
86,0,0,0,0,0,0
82,0,0,0,0,0,1
89,0,0,0,0,0,0
87,0,0,0,0,0,0
84,0,0,0,0,0,0
79,0,0,0,0,0,0
66,0,0,0,0,0,0
74,0,0,0,0,0,1
84,0,0,0,0,0,0
87,0,0,0,0,0,0
73,0,0,0,0,0,0
82,0,0,0,0,0,0
82,0,0,0,0,0,1
63,0,0,0,0,0,1
58,0,0,0,0,0,2
56,0,0,0,0,0,0
64,0,0,0,0,0,1
63,0,0,0,0,0,3
53,0,0,0,0,0,1
54,0,0,0,0,0,2
54,0,0,0,0,0,2
61,0,0,0,0,0,2
61,0,0,0,0,0,3
65,0,0,0,0,0,1
91,0,0,0,0,0,0
61,0,0,0,0,0,0
58,0,0,0,0,0,3
78,0,0,0,0,0,0
87,0,0,0,0,0,0
87,0,0,0,0,0,0
71,0,0,0,0,0,0
73,0,0,0,0,0,0
77,0,0,0,0,0,0
78,0,0,0,0,0,0
88,0,0,0,0,0,1
56,0,0,0,0,2,1
53,0,0,0,0,0,0
53,0,0,0,0,1,0
57,0,0,0,0,2,0
60,0,0,0,0,4,0
53,0,0,0,0,0,0
55,0,0,0,0,1,0
54,0,0,0,0,2,0
60,0,0,0,1,3,0
53,0,0,0,1,0,0
53,0,0,0,2,0,0
53,0,0,0,0,0,0
53,0,0,0,1,0,0
53,0,0,0,1,0,0
53,0,0,0,1,0,0
53,0,0,0,1,0,0
55,0,0,0,3,0,0
54,0,0,0,2,0,0
53,0,0,0,1,0,0
58,0,0,0,3,0,0
57,0,0,0,0,0,0
61,0,0,0,1,0,0
59,0,0,0,2,0,0
66,0,0,0,1,0,0
57,0,0,0,2,0,0
64,0,0,0,3,0,0
74,0,0,0,2,0,0
80,0,0,0,0,0,0
79,0,0,0,0,0,0
74,0,0,0,4,0,0
83,0,0,0,3,0,0
68,0,0,0,0,0,0
99,0,0,0,0,0,0
82,0,0,0,0,0,0
92,0,0,0,0,0,0
87,0,0,0,0,0,0
93,0,0,0,0,0,0
66,0,0,0,5,0,0
54,0,0,0,1,0,0
53,0,0,0,1,0,0
53,0,0,0,1,0,0
66,0,0,0,2,0,0
61,0,0,0,4,0,0
53,0,0,0,0,0,0
53,0,0,0,1,0,0
55,0,0,0,3,0,0
66,0,0,0,0,0,0
53,0,0,0,1,0,0
54,0,0,0,2,0,0
53,0,0,0,2,0,0
53,0,0,0,0,0,0
53,0,0,0,1,0,0
53,0,0,0,1,0,0
53,0,0,0,1,0,0
53,0,0,0,1,0,0
53,0,0,0,1,0,0
53,0,0,0,1,0,0
53,0,0,0,1,0,0
53,0,0,0,2,0,0
55,0,0,0,2,0,0
53,0,0,0,1,0,0
53,0,0,0,1,0,0
53,0,0,0,1,0,0
53,0,0,0,1,0,0
53,0,0,0,1,0,0
53,0,0,0,1,0,0
53,0,0,0,1,0,0
58,0,0,0,4,0,0
55,0,0,0,3,0,0
53,0,0,0,1,0,0
53,0,0,0,1,0,0
53,0,0,0,1,0,0
53,0,0,0,1,0,0
53,0,0,0,1,0,0
53,0,0,0,1,0,0
56,0,0,0,1,0,0
71,0,0,0,1,0,0
69,0,0,0,0,0,0
61,0,0,0,4,0,0
54,0,0,0,1,0,0
53,0,0,0,1,0,0
53,0,0,0,1,0,0
53,0,0,0,1,0,0
53,0,0,0,1,0,0
53,0,0,0,1,0,0
53,0,0,0,1,0,0
53,0,0,0,1,0,0
68,0,0,0,2,0,0
84,0,0,0,0,0,0
90,0,0,0,0,0,0
82,0,0,0,3,0,0
76,0,0,0,2,0,0
78,0,0,0,0,0,0
73,0,0,0,0,0,0
84,0,0,0,0,0,0
77,0,0,0,0,0,0
84,0,0,0,0,0,0
78,0,0,0,0,0,0
80,0,0,0,0,0,0
81,0,0,0,0,0,0
57,0,0,0,0,0,1
53,0,0,0,0,0,1
53,0,0,0,0,0,1
56,0,0,0,0,0,2
57,0,0,0,0,0,2
53,0,0,0,0,0,0
53,0,0,0,0,0,1
53,0,0,0,0,0,1
53,0,0,0,0,0,1
53,0,0,0,0,0,1
53,0,0,0,0,0,1
53,0,0,0,0,0,1
75,0,0,0,0,0,0
83,0,0,0,0,0,0
80,0,0,0,0,0,0
89,0,0,0,0,0,0
84,0,0,0,0,0,0
84,0,0,0,0,0,0
97,0,0,0,0,0,0
80,0,0,0,0,2,0
63,0,0,0,0,1,0
56,0,0,0,0,2,0
57,0,0,0,0,3,0
54,0,0,0,0,0,0
54,0,0,0,1,0,0
54,0,0,0,1,0,0
54,0,0,0,1,0,0
54,0,0,0,1,0,0
54,0,0,0,1,0,0
54,0,0,0,1,0,0
54,0,0,0,1,0,0
62,0,0,0,1,0,0
92,0,0,0,2,0,0
72,0,0,0,0,0,0
81,0,0,0,0,0,0
91,0,0,0,0,0,0
84,0,0,0,0,0,0
92,0,0,0,0,0,0
89,0,0,0,0,0,0
97,0,0,0,0,0,0
86,0,0,0,0,0,0
94,0,0,0,0,0,0
80,0,0,0,0,0,1
79,0,0,0,0,0,2
91,0,0,0,0,0,0
93,0,0,0,0,0,0
82,0,0,0,0,0,0
85,0,0,0,0,0,0
81,0,0,0,0,0,0
90,0,0,0,0,0,0
78,0,0,0,1,0,0
80,0,0,0,0,0,0
84,0,0,0,0,0,0
81,0,0,0,0,0,0
95,0,0,0,0,0,0
80,0,0,0,0,0,0
75,0,0,0,1,2,0
83,0,0,0,0,1,0
77,0,0,0,0,1,0
68,0,0,0,0,2,0
76,0,0,0,0,1,0
93,0,0,0,0,0,0
83,0,0,0,0,0,0
89,0,0,0,0,0,0
83,0,0,0,0,0,0
76,0,0,0,0,0,0
60,0,0,0,0,5,0
55,0,0,0,0,2,0
54,0,0,0,0,1,0
58,0,0,0,0,3,0
56,0,0,0,0,3,0
55,0,0,0,0,2,0
54,0,0,0,0,1,0
56,0,0,0,0,3,0
56,0,0,0,0,3,0
64,0,0,0,0,2,0
56,0,0,0,0,2,0
60,0,0,0,0,2,0
56,0,0,0,2,1,0
54,0,0,0,0,0,0
54,0,0,0,1,0,0
54,0,0,0,1,0,0
54,0,0,0,1,0,0
54,0,0,0,1,0,0
54,0,0,0,1,0,0
54,0,0,0,1,0,0
56,0,0,0,3,0,0
65,0,0,0,2,0,0
78,0,0,0,0,0,0
100,0,0,0,0,0,0
81,0,0,0,0,0,0
98,0,0,0,0,0,0
89,0,0,0,0,0,0
83,0,0,0,0,0,0
81,0,0,0,0,0,0
92,0,0,0,0,0,0
83,0,0,0,0,0,0
98,0,0,0,0,0,0
92,0,0,0,0,0,0
94,0,0,0,0,0,0
98,0,0,0,0,0,0
94,0,0,0,0,0,0
81,0,0,0,0,0,0
82,0,0,0,0,0,0
97,0,0,0,0,0,0
84,0,0,0,0,0,0
81,0,0,0,0,0,0
78,0,0,0,0,0,0
90,0,0,0,0,0,0
89,0,0,0,0,0,0
60,0,0,0,1,0,0
55,0,0,0,1,0,0
54,0,0,0,1,0,0
54,0,0,0,1,0,0
55,0,0,0,2,0,0
63,0,0,0,3,0,0
66,0,0,0,1,0,0
65,0,0,0,2,0,0
59,0,0,0,3,0,0
54,0,0,0,1,0,0
54,0,0,0,1,0,0
54,0,0,0,1,0,0
56,0,0,0,0,0,1
62,0,0,0,0,2,1
55,0,0,0,0,2,0
63,0,0,0,0,3,0
68,0,0,0,0,0,0
59,0,0,0,0,1,0
63,0,0,0,0,0,0
62,0,0,0,0,4,0
69,0,0,0,0,2,0
54,0,0,0,0,1,0
54,0,0,0,0,1,0
64,0,0,0,0,1,0
64,0,0,0,0,0,0
64,0,0,0,0,5,0
60,0,0,0,0,2,0
54,0,0,0,0,2,0
54,0,0,0,0,0,0
54,0,0,0,0,1,0
54,0,0,0,0,0,2
54,0,0,0,0,0,0
56,0,0,0,0,0,1
58,0,0,0,0,0,2
76,0,0,0,0,0,0
89,0,0,0,0,0,0
84,0,0,0,0,0,0
71,0,0,0,0,0,0
81,0,0,0,0,0,0
87,0,0,0,0,0,0
92,0,0,0,0,0,0
80,0,0,0,0,0,0
89,0,0,0,0,0,0
89,0,0,0,0,0,0
83,0,0,0,0,0,0
95,0,0,0,0,0,0
98,0,0,0,0,0,0
95,0,0,0,0,0,0
103,0,0,0,0,0,0
86,0,0,0,0,0,0
87,0,0,0,0,0,0
101,0,0,0,0,0,0
90,0,0,0,0,0,0
84,0,0,0,0,0,0
91,0,0,0,0,0,0
90,0,0,0,0,0,0
80,0,0,0,0,0,0
83,0,0,0,0,0,0
91,0,0,0,0,0,0
83,0,0,0,0,0,1
75,0,0,0,0,0,0
87,0,0,0,0,0,0
62,0,0,0,0,0,2
54,0,0,0,0,0,0
55,0,0,0,0,0,2
66,0,0,0,0,0,3
60,0,0,0,0,0,3
54,0,0,0,1,0,0
54,0,0,0,1,0,0
56,0,0,0,3,0,0
54,0,0,0,1,0,0
54,0,0,0,1,0,0
55,0,0,0,2,0,0
54,0,0,0,1,0,0
54,0,0,0,1,0,0
54,0,0,0,1,0,0
54,0,0,0,1,0,0
65,0,0,0,1,0,0
59,0,0,0,2,0,0
59,0,0,0,1,0,0
62,0,0,0,3,0,0
54,0,0,0,1,0,0
54,0,0,0,1,0,0
62,0,0,0,3,0,0
73,0,0,0,2,0,0
68,0,0,0,1,0,0
86,0,0,0,1,0,0
83,0,0,0,1,0,0
82,0,0,0,0,0,0
82,0,0,0,0,0,0
74,0,0,0,0,0,0
87,0,0,0,0,0,0
85,0,0,0,0,0,0
81,0,0,0,1,0,0
67,0,0,0,1,0,0
54,0,0,0,1,0,0
54,0,0,0,1,0,0
55,0,0,0,2,0,0
54,0,0,0,1,0,0
54,0,0,0,1,0,0
54,0,0,0,1,0,0
54,0,0,0,1,0,0
54,0,0,0,1,0,0
55,0,0,0,2,0,0
74,0,0,0,2,0,0
83,0,0,0,0,0,0
69,0,0,0,1,0,0
60,0,0,0,3,0,0
70,0,0,0,3,0,0
82,0,0,0,0,0,0
65,0,0,0,0,0,1
83,0,0,0,0,0,0
92,0,0,0,0,0,1
90,0,0,0,0,0,0
94,0,0,0,0,0,0
71,0,0,0,0,0,0
92,0,0,0,0,0,0
84,0,0,0,0,0,0
88,0,0,0,0,0,0
78,0,0,0,0,0,0
91,0,0,0,0,0,0
93,0,0,0,0,0,0
87,0,0,0,0,0,0
93,0,0,0,0,0,0
84,0,0,0,0,0,0
88,0,0,0,0,0,0
83,0,0,0,0,0,0
68,0,0,0,0,0,3
64,0,0,0,0,0,1
54,0,0,0,0,0,1
54,0,0,0,0,0,1
58,0,0,0,0,0,3
59,0,0,0,0,0,3
67,0,0,0,0,0,0
87,0,0,0,0,0,0
78,0,0,0,0,0,0
93,0,0,0,0,0,0
98,0,0,0,0,0,0
90,0,0,0,0,0,0
83,0,0,0,0,0,0
86,0,0,0,0,0,0
93,0,0,0,0,0,0
87,0,0,0,0,0,0
78,0,0,0,0,0,0
96,0,0,0,0,0,0
78,0,0,0,0,0,0
82,0,0,0,0,0,0
89,0,0,0,0,0,0
81,0,0,0,0,0,0
81,0,0,0,0,0,0
86,0,0,0,0,0,0
83,0,0,0,0,0,0
86,0,0,0,0,0,0
78,0,0,0,0,0,0
89,0,0,0,0,0,0
84,0,0,0,0,0,0
90,0,0,0,0,0,0
79,0,0,0,0,0,0
86,0,0,0,0,0,0
84,0,0,0,0,0,0
81,0,0,0,0,0,0
82,0,0,0,0,0,0
64,0,0,0,0,0,1
64,0,0,0,0,0,2
58,0,0,0,0,0,2
59,0,0,0,0,0,4
75,0,0,0,0,0,2
78,0,0,0,0,0,0
89,0,0,0,0,0,0
88,0,0,0,0,0,1
71,0,0,0,0,0,2
65,0,0,0,0,0,2
75,0,0,0,0,0,0
74,0,0,0,0,0,0
89,0,0,0,0,0,0
86,0,0,0,0,0,0
84,0,0,0,0,0,0
75,0,0,0,0,0,0
94,0,0,0,0,0,0
87,0,0,0,0,0,0
87,0,0,0,0,0,0
96,0,0,0,0,0,0
77,0,0,0,0,0,0
102,0,0,0,0,0,0
84,0,0,0,0,0,0
95,0,0,0,0,0,0
92,0,0,0,0,0,0
85,0,0,0,0,0,0
94,0,0,0,0,0,0
81,0,0,0,1,0,0
60,0,0,0,2,0,0
54,0,0,0,0,0,0
54,0,0,0,1,0,0
54,0,0,0,1,0,0
54,0,0,0,1,0,0
54,0,0,0,1,0,0
54,0,0,0,1,0,0
57,0,0,0,2,0,0
83,0,0,0,0,0,0
85,0,0,0,0,0,0
82,0,0,0,0,0,0
82,0,0,0,0,0,0
54,0,0,0,0,0,0
76,1,0,0,0,0,0
93,0,0,0,0,0,0
79,0,0,0,0,0,0
94,0,0,0,0,0,0
76,0,0,0,0,0,0
78,0,0,0,0,0,0
82,1,0,0,0,0,0
86,2,0,0,0,0,0
76,1,0,0,0,0,0
87,1,0,0,0,0,0
103,0,0,0,0,0,0
84,0,0,0,0,0,0
95,0,0,0,0,0,0
88,0,0,0,0,0,0
76,0,0,0,0,0,0
91,0,0,0,0,0,0
88,0,0,0,0,0,0
87,0,0,0,0,0,0
80,0,0,0,0,0,0
91,0,0,0,0,0,0
90,0,0,0,0,0,0
100,0,0,0,0,0,0
88,0,0,0,0,0,0
84,0,0,0,0,0,0
80,0,0,0,0,0,0
96,0,0,0,0,0,0
83,0,0,0,0,0,0
87,0,0,0,0,0,0
87,0,0,0,0,0,0
85,0,0,0,0,0,0
92,0,0,0,0,0,0
81,0,0,0,0,0,0
91,0,0,0,0,0,0
95,0,0,0,0,0,0
87,0,0,0,0,0,0
100,0,0,0,0,0,0
97,0,0,0,0,0,0
93,0,0,0,0,0,0
87,0,0,0,0,0,0
97,0,0,0,0,0,0
94,0,0,0,0,0,0
84,0,0,0,0,0,0
90,0,0,0,0,0,0
87,0,0,0,0,0,0
78,0,0,0,0,0,0
65,0,1,0,0,0,0
57,0,2,0,0,0,0
74,0,0,0,0,0,0
66,0,2,0,0,0,0
58,0,3,0,0,0,0
68,0,0,0,0,0,0
77,0,0,0,0,0,0
81,0,0,0,0,0,0
81,0,0,0,0,0,0
81,0,0,0,0,0,0
76,0,0,0,0,0,0
93,0,0,0,0,0,0
91,0,0,0,0,0,0
102,0,0,0,0,0,0
90,0,0,0,0,0,0
80,0,0,0,0,0,0
82,0,0,0,0,0,0
87,0,0,0,0,0,0
83,0,0,0,0,0,0
86,0,0,0,0,0,0
75,0,0,0,0,0,0
75,0,0,0,0,0,0
89,0,0,0,0,0,0
85,0,0,0,0,0,0
84,0,0,0,0,0,0
76,0,0,0,0,0,0
59,4,0,0,0,0,0
63,1,0,0,0,0,0
57,4,0,0,0,0,0
56,1,0,0,0,0,0
54,1,0,0,0,0,0
57,4,0,0,0,0,0
75,0,0,0,0,0,0
81,1,0,0,0,0,0
75,0,0,0,0,0,0
91,0,0,0,0,0,0
87,0,0,0,0,0,0
75,0,0,0,0,0,0
84,0,0,0,0,0,0
102,0,0,0,0,0,0
86,0,0,0,0,0,0
94,0,0,0,0,0,0
85,0,0,0,0,0,0
81,0,0,0,0,0,0
84,0,2,0,0,0,0
86,0,0,0,0,0,0
85,0,1,0,0,0,0
88,0,0,0,0,0,0
93,0,0,0,0,0,0
90,0,0,0,0,0,0
87,0,0,0,0,0,0
78,0,0,0,0,0,0
89,0,0,0,0,0,0
89,0,0,0,0,0,0
86,0,0,0,0,0,0
76,3,0,0,0,0,0
71,0,0,0,0,0,0
86,0,0,0,0,0,0
83,0,0,0,0,0,0
86,0,0,0,0,0,0
82,0,0,0,0,0,0
108,0,0,0,0,0,0
97,0,0,0,0,0,0
98,0,0,0,0,0,0
95,0,0,0,0,0,0
91,0,0,0,0,0,0
96,0,0,0,0,0,0
76,0,0,0,0,0,0
76,0,0,0,0,0,0
83,0,0,0,0,0,0
83,0,0,0,0,0,0
82,0,0,0,0,0,0
94,0,0,0,0,0,0
79,0,0,0,0,0,0
67,1,0,0,0,0,0
80,0,0,0,0,0,0
98,0,0,0,0,0,0
91,0,0,0,0,0,0
85,0,0,0,0,0,0
84,0,0,0,0,0,0
92,0,0,0,0,0,0
77,0,0,0,0,0,0
81,0,0,0,0,0,0
75,0,0,0,0,0,0
90,0,0,0,0,0,0
88,0,0,0,0,0,0
84,0,0,0,0,0,0
86,0,0,0,0,0,0
94,0,0,0,0,0,0
98,0,0,0,0,0,0
84,0,0,0,0,0,0
99,0,0,0,0,0,0
93,0,0,0,0,0,0
92,0,0,0,0,0,0
87,0,0,0,0,0,0
83,1,0,0,0,0,0
88,0,0,0,0,0,0
82,1,0,0,0,0,0
85,0,0,0,0,0,0
90,0,0,0,0,0,0
84,0,0,0,0,0,0
84,0,0,0,0,0,0
100,0,0,0,0,0,0
98,0,0,0,0,0,0
95,0,0,0,0,0,0
81,0,0,0,0,0,0
99,0,0,0,0,0,0
78,0,0,0,0,0,0
75,0,0,0,0,0,0
93,0,0,0,0,0,0
95,0,0,0,0,0,0
90,0,0,0,0,0,0
86,0,0,0,0,0,0
90,0,0,0,0,0,0
83,0,0,0,0,0,0
76,0,0,0,0,0,0
60,0,2,0,0,0,0
63,0,2,0,0,0,0
55,0,2,0,0,0,0
57,0,2,0,0,0,0
71,0,1,0,0,0,0
59,0,4,0,0,0,0
69,0,1,0,0,0,0
65,0,0,0,0,0,0
61,0,2,0,0,0,0
54,0,1,0,0,0,0
54,0,1,0,0,0,0
60,0,1,0,0,0,0
77,0,0,0,0,0,0
74,0,2,0,0,0,0
65,0,3,0,0,0,0
57,0,2,0,0,0,0
77,0,0,0,0,0,0
81,0,2,0,0,0,0
87,0,0,0,0,0,0
81,0,0,0,0,0,0
81,0,0,0,0,0,0
86,0,0,0,0,0,0
85,0,0,0,0,0,0
83,0,0,0,0,0,0
74,0,0,0,0,0,0
87,0,1,0,0,0,0
88,0,0,0,0,0,0
85,0,0,0,0,0,0
81,0,0,0,0,0,0
98,0,0,0,0,0,0
89,0,0,0,0,0,0
76,0,3,0,0,0,0
86,0,0,0,0,0,0
83,0,1,0,0,0,0
88,0,0,0,0,0,0
92,0,0,0,0,0,0
100,0,0,0,0,0,0
79,0,0,0,0,0,0
81,0,0,0,0,0,0
83,0,1,0,0,0,0
70,0,0,0,0,0,0
82,0,1,0,0,0,0
71,0,6,0,0,0,0
79,0,0,0,0,0,0
80,0,0,0,0,0,0
78,0,1,0,0,0,0
87,0,0,0,0,0,0
84,0,0,0,0,0,0
93,0,0,0,0,0,0
76,0,0,0,0,0,0
87,0,0,0,0,0,0
84,0,0,0,0,0,0
86,0,0,0,0,0,0
86,0,0,0,0,0,0
90,0,0,0,0,0,0
104,0,0,0,0,0,0
93,0,0,0,0,0,0
79,0,0,0,0,0,0
72,2,0,0,0,0,0
71,3,0,0,0,0,0
60,1,0,0,0,0,0
65,1,0,0,0,0,0
86,0,0,0,0,0,0
90,0,0,0,0,0,0
100,0,0,0,0,0,0
81,0,0,0,0,0,0
79,0,0,0,0,0,0
91,0,0,0,0,0,0
85,0,0,0,0,0,0
82,0,0,0,0,0,0
84,0,0,0,0,0,0
83,0,0,0,0,0,0
78,0,0,0,0,0,0
86,0,0,0,0,0,0
88,0,0,0,0,0,0
99,0,0,0,0,0,0
92,0,0,0,0,0,0
87,0,0,0,0,0,0
86,0,0,0,0,0,0
85,0,0,0,0,0,0
80,0,0,0,0,0,0
90,0,0,0,0,0,0
87,0,0,0,0,0,0
90,0,0,0,0,0,0
94,0,0,0,0,0,0
91,0,0,0,0,0,0
91,0,0,0,0,0,0
83,0,0,0,0,0,0
98,0,0,0,0,0,0
87,0,0,0,0,0,0
87,0,0,0,0,0,0
91,0,0,0,0,0,0
85,0,0,0,0,0,0
84,0,0,0,0,0,0
82,0,0,0,0,0,0
79,0,0,0,0,0,0
56,0,0,1,0,0,0
61,0,0,3,0,0,0
66,0,0,1,0,0,0
57,0,0,3,0,0,0
61,0,0,2,0,0,0
56,0,0,1,0,0,0
54,0,0,1,0,0,0
54,0,0,1,0,0,0
54,0,0,1,0,0,0
54,0,0,1,0,0,0
54,0,0,1,0,0,0
54,0,0,1,0,0,0
54,0,1,0,0,0,0
54,0,1,0,0,0,0
54,0,1,0,0,0,0
54,0,1,0,0,0,0
54,0,1,0,0,0,0
54,1,0,0,0,0,0
54,1,0,0,0,0,0
54,1,0,0,0,0,0
54,1,0,0,0,0,0
54,1,0,0,0,0,0
54,1,0,0,0,0,0
57,2,0,0,0,0,0
62,1,0,0,0,0,0
54,1,0,0,0,0,0
54,1,0,0,0,0,0
54,1,0,0,0,0,0
54,1,0,0,0,0,0
54,1,0,0,0,0,0
54,1,0,0,0,0,0
53,1,0,0,0,0,0
54,0,0,0,0,0,0
54,1,0,0,0,0,0
54,1,0,0,0,0,0
59,2,0,0,0,0,0
62,3,0,0,0,0,0
54,1,0,0,0,0,0
54,1,0,0,0,0,0
54,1,0,0,0,0,0
54,1,0,0,0,0,0
54,1,0,0,0,0,0
58,0,0,0,0,0,0
92,0,0,0,0,0,0
66,0,0,0,2,0,0
61,0,0,0,1,0,0
54,0,0,0,2,0,0
49,0,0,0,1,0,0
49,0,0,0,2,0,0
49,0,0,0,0,0,0
49,0,0,0,2,0,0
49,0,0,0,0,0,0
49,0,0,0,1,0,0
49,0,0,0,1,0,0
49,0,0,0,1,0,0
49,0,0,0,1,0,0
49,0,0,0,1,0,0
53,0,0,0,2,0,0
51,0,0,0,1,0,0
52,0,0,0,2,0,0
59,0,0,0,0,0,0
62,0,0,0,0,0,0
55,0,0,0,0,3,0
49,0,0,0,0,1,0
49,0,0,0,0,1,0
49,0,0,0,0,1,0
50,0,0,0,0,2,0
54,0,0,0,0,4,0
86,0,0,0,0,0,0
68,0,0,0,0,1,0
60,0,0,0,0,2,0
49,0,0,0,0,0,0
51,0,0,0,0,0,1
58,0,0,0,0,0,2
73,0,0,0,0,0,1
92,0,0,0,0,0,0
104,0,0,0,0,0,0
84,0,0,0,0,0,0
98,0,0,0,0,0,0
74,0,0,0,0,0,0
80,0,0,0,0,0,0
72,0,0,0,0,0,0
94,0,0,0,0,0,0
84,0,0,0,0,0,0
81,0,0,0,0,0,0
84,0,0,0,0,0,0
81,0,0,0,0,0,0
86,0,0,0,0,0,1
53,0,0,0,0,0,2
58,0,0,0,1,0,1
59,0,0,0,1,0,0
49,0,0,0,1,0,0
49,0,0,0,1,0,0
49,0,0,0,1,0,0
49,0,0,0,1,0,0
49,0,0,0,1,0,0
49,0,0,0,1,0,0
49,0,0,0,1,0,0
49,0,0,0,1,0,0
49,0,0,0,1,0,0
50,0,0,0,2,0,0
52,0,0,0,0,0,2
53,0,0,0,0,0,2
50,0,0,0,0,0,1
49,0,0,0,0,0,1
52,0,0,0,0,0,3
52,0,0,0,0,0,1
56,0,0,0,0,0,2
65,0,0,0,0,0,1
74,0,0,0,0,0,0
76,0,0,0,0,0,2
68,0,0,0,0,0,3
65,0,0,0,0,0,0
87,0,0,0,0,0,0
100,0,0,0,0,0,0
89,0,0,0,0,0,0
75,0,0,0,0,0,0
81,0,0,0,0,0,0
57,0,0,0,0,0,2
55,0,0,0,0,0,4
54,0,0,0,0,0,3
49,0,0,0,0,0,0
50,0,0,0,0,0,2
51,0,0,0,0,0,1
61,0,0,0,0,0,2
60,0,0,0,0,0,2
78,0,0,0,0,0,1
73,0,0,0,0,0,0
84,0,0,0,0,0,0
83,0,0,0,0,0,1
70,0,0,0,0,0,0
82,0,0,0,0,0,0
71,0,0,0,0,0,0
76,0,0,0,0,0,0
53,0,0,0,0,0,3
53,0,0,0,0,0,1
52,0,0,0,0,0,2
61,0,0,0,0,0,2
55,0,0,0,0,0,1
49,0,0,0,0,0,0
49,0,0,0,0,0,1
52,0,0,0,0,0,5
59,0,0,0,0,0,0
63,0,0,0,0,0,1
65,0,0,0,0,0,1
54,0,0,0,0,0,4
57,0,0,0,0,0,2
55,0,0,0,0,0,1
52,0,0,0,0,0,1
57,0,0,0,0,0,1
58,0,0,0,0,0,3
57,0,0,0,0,0,1
60,0,0,0,0,0,1
51,0,0,0,0,0,3
50,0,0,0,0,0,2
50,0,0,0,0,0,2
56,0,0,0,0,0,3
49,0,0,0,0,0,0
49,0,0,0,1,0,0
51,0,0,0,1,0,0
49,0,0,0,1,0,0
49,0,0,0,1,0,0
49,0,0,0,1,0,0
49,0,0,0,1,0,0
49,0,0,0,1,0,0
49,0,0,0,1,0,0
49,0,0,0,1,0,0
49,0,0,0,1,0,0
49,0,0,0,1,0,0
55,0,0,0,1,0,0
69,0,0,0,0,0,0
77,0,0,0,0,0,0
80,0,0,0,0,0,0
84,0,0,0,0,0,0
81,0,0,0,0,0,0
72,0,0,0,0,0,0
67,0,0,0,1,0,0
84,0,0,0,0,0,0
78,0,0,0,0,0,0
81,0,0,0,0,0,0
78,0,0,0,0,0,0
79,0,0,0,0,0,0
72,0,0,0,0,0,0
80,0,0,0,0,0,0
75,0,0,0,2,0,0
72,0,0,0,0,0,0
79,0,0,0,1,0,0
83,0,0,0,0,0,0
80,0,0,0,0,0,0
84,0,0,0,0,0,0
72,0,0,0,1,0,0
69,0,0,0,0,0,0
72,0,0,0,1,0,0
78,0,0,0,0,0,0
71,0,0,0,0,0,0
96,0,0,0,0,0,0
81,0,0,0,1,0,0
74,0,0,0,1,0,0
75,0,0,0,0,0,0
67,0,0,0,2,0,0
87,0,0,0,0,0,0
77,0,0,0,0,0,0
85,0,0,0,0,0,0
82,0,0,0,0,0,0
89,0,0,0,0,0,0
77,0,0,0,0,0,0
80,0,0,0,0,0,0
82,0,0,0,0,0,0
81,0,0,0,0,0,0
80,0,0,0,0,0,0
84,0,0,0,0,0,0
97,0,0,0,0,0,0
72,0,0,0,0,0,0
65,0,0,0,0,0,0
82,0,0,0,0,0,0
79,0,0,0,0,0,0
71,0,0,0,0,0,0
74,0,0,0,0,0,0
83,0,0,0,0,0,0
79,0,0,0,0,0,0
64,0,0,0,0,0,0
50,0,0,0,0,2,0
50,0,0,0,0,2,0
52,0,0,0,0,5,0
56,0,0,0,0,3,0
60,0,0,0,0,3,0
51,0,0,0,0,2,0
56,0,0,0,0,1,0
57,0,0,0,0,1,0
60,0,0,0,0,1,0
60,0,0,0,0,1,0
50,0,0,0,0,1,0
50,0,0,0,0,3,0
49,0,0,0,0,0,0
49,0,0,0,0,1,0
51,0,0,0,0,1,0
56,0,0,0,0,2,0
49,0,0,0,0,1,0
49,0,0,0,0,1,0
49,0,0,0,0,1,0
51,0,0,0,0,1,0
50,0,0,0,0,2,0
49,0,0,0,0,1,0
49,0,0,0,1,0,0
49,0,0,0,1,0,0
59,0,0,0,1,0,0
52,0,0,0,4,0,0
49,0,0,0,1,0,0
49,0,0,0,1,0,0
50,0,0,0,1,0,0
79,0,0,0,0,0,0
77,0,0,0,1,0,0
80,0,0,0,0,0,0
67,0,0,0,1,0,0
76,0,0,0,0,0,0
76,0,0,0,0,0,0
70,0,0,0,1,0,0
82,0,0,0,0,0,0
77,0,0,0,0,0,0
82,0,0,0,0,0,0
92,0,0,0,0,0,0
93,0,0,0,0,0,0
77,0,0,0,0,0,0
81,0,0,0,0,0,0
74,0,0,0,0,0,0
72,0,0,0,0,0,0
53,0,0,0,4,0,0
49,0,0,0,1,0,0
49,0,0,0,1,0,0
48,0,0,0,1,0,0
49,0,0,0,0,0,0
49,0,0,0,1,0,0
49,0,0,0,1,0,0
49,0,0,0,1,0,0
49,0,0,0,1,0,0
49,0,0,0,1,0,0
50,0,0,0,3,0,0
49,0,0,0,0,0,0
49,0,0,0,1,0,0
49,0,0,0,1,0,0
50,0,0,0,2,0,0
51,0,0,0,3,0,0
53,0,0,0,3,0,0
50,0,0,0,2,0,0
49,0,0,0,1,0,0
49,0,0,0,1,0,0
49,0,0,0,1,0,0
49,0,0,0,1,0,0
49,0,0,0,1,0,0
49,0,0,0,1,0,0
49,0,0,0,1,0,0
49,0,0,0,1,0,0
50,0,0,0,2,0,0
49,0,0,0,1,0,0
67,0,0,0,1,0,0
49,0,0,0,1,0,0
49,0,0,0,1,0,0
62,0,0,0,4,0,0
70,0,0,0,1,0,0
75,0,0,0,1,0,0
69,0,0,0,1,0,0
85,0,0,0,0,0,0
70,0,0,0,2,0,0
88,0,0,0,0,0,0
75,0,0,0,0,0,0
78,0,0,0,0,0,0
86,0,0,0,0,0,0
90,0,0,0,0,0,0
92,0,0,0,0,0,0
80,0,0,0,0,0,0
73,0,0,0,0,0,0
90,0,0,0,0,0,0
70,0,0,0,2,0,0
81,0,0,0,0,0,0
55,0,0,0,2,0,0
51,0,0,0,2,0,0
68,0,0,0,3,0,0
74,0,0,0,0,0,0
64,0,0,0,0,0,0
55,0,0,0,2,0,0
80,0,0,0,0,0,0
67,0,0,0,1,0,0
54,0,0,0,1,0,0
49,0,0,0,1,0,0
49,0,0,0,1,0,0
54,0,0,0,2,0,0
80,0,0,0,0,0,0
81,0,0,0,0,0,0
81,0,0,0,2,0,0
73,0,0,0,0,0,0
81,0,0,0,0,0,0
83,0,0,0,0,0,0
87,0,0,0,0,0,0
81,0,0,0,0,0,0
81,0,0,0,0,0,0
83,0,0,0,0,0,0
65,0,0,0,6,0,0
53,0,0,0,3,0,0
55,0,0,0,4,0,0
49,0,0,0,0,0,0
49,0,0,0,1,0,0
49,0,0,0,1,0,0
61,0,0,0,0,0,0
67,0,0,0,0,0,0
62,0,0,0,0,0,0
76,0,0,0,0,0,0
65,0,0,0,0,0,0
65,0,0,0,0,2,0
77,0,0,0,0,1,0
60,0,0,0,0,0,0
61,0,0,0,0,0,0
54,0,0,0,2,0,0
71,0,0,0,0,0,0
82,0,0,0,0,0,0
84,0,0,0,0,0,0
88,0,0,0,0,0,0
82,0,0,0,0,0,0
73,0,0,0,2,0,0
51,0,0,0,1,0,0
46,0,0,0,0,0,0
48,0,0,0,2,0,0
47,0,0,0,2,0,0
47,0,0,0,2,0,0
55,0,0,0,2,0,0
55,0,0,0,5,0,0
47,0,0,0,1,0,0
46,0,0,0,1,0,0
46,0,0,0,1,0,0
47,0,0,0,2,0,0
55,0,0,0,2,0,0
67,0,0,0,1,0,0
72,0,0,0,0,0,0
78,0,0,0,0,0,0
81,0,0,0,0,0,0
53,0,0,0,4,0,0
46,0,0,0,0,0,0
47,0,0,0,2,0,0
56,0,0,0,0,0,0
49,0,0,0,1,0,0
46,0,0,0,1,0,0
48,0,0,0,1,0,0
58,0,0,0,1,0,0
58,0,0,0,0,0,0
50,0,0,0,2,0,0
78,0,0,0,0,0,0
70,0,0,0,0,0,0
70,0,0,0,0,0,0
83,0,0,0,0,0,0
71,0,0,0,0,0,0
76,0,0,0,0,0,0
79,0,0,0,0,0,0
81,0,0,0,0,0,0
57,0,0,0,1,0,0
46,0,0,0,0,0,0
46,0,0,0,1,0,0
46,0,0,0,1,0,0
46,0,0,0,1,0,0
46,0,0,0,1,0,0
46,0,0,0,1,0,0
55,0,0,0,2,0,0
58,0,0,0,1,0,0
46,0,0,0,1,0,0
46,0,0,0,1,0,0
49,0,0,0,5,0,0
50,0,0,0,2,0,0
48,0,0,0,1,0,0
46,0,0,0,2,0,0
46,0,0,0,0,0,0
46,0,0,0,1,0,0
58,0,0,0,3,0,0
73,0,0,0,1,0,0
74,0,0,0,0,0,0
83,0,0,0,1,0,0
70,0,0,0,0,0,0
52,0,0,0,3,0,0
46,0,0,0,1,0,0
48,0,0,0,1,0,0
57,0,0,0,2,0,0
55,0,0,0,3,0,0
46,0,0,0,0,0,0
45,0,0,0,1,0,0
47,0,0,0,1,0,0
47,0,0,0,2,0,0
54,0,0,0,2,0,0
48,0,0,0,3,0,0
47,0,0,0,1,0,0
47,0,0,0,2,0,0
46,0,0,0,1,0,0
46,0,0,0,1,0,0
52,0,0,0,3,0,0
56,0,0,0,1,0,0
48,0,0,0,3,0,0
46,0,0,0,2,0,0
59,0,0,0,2,0,0
52,0,0,0,2,0,0
53,0,0,0,5,0,0
49,0,0,0,3,0,0
47,0,0,0,2,0,0
46,0,0,0,1,0,0
46,0,0,0,1,0,0
46,0,0,0,1,0,0
47,0,0,0,2,0,0
46,0,0,0,2,0,0
46,0,0,0,0,0,0
46,0,0,0,1,0,0
46,0,0,0,1,0,0
46,0,0,0,1,0,0
46,0,0,0,1,0,0
46,0,0,0,0,1,0
56,0,0,0,0,3,0
65,0,0,0,0,0,0
51,0,0,0,0,2,0
64,0,0,0,0,2,0
84,0,0,0,0,0,0
86,0,0,0,0,0,0
76,0,0,0,0,1,0
69,0,0,0,0,0,0
80,0,0,0,0,0,0
83,0,0,0,0,0,0
82,0,0,0,0,0,0
78,0,0,0,0,0,0
92,0,0,0,0,0,0
77,0,0,0,0,0,0
80,0,0,0,0,0,0
84,0,0,0,0,0,0
72,0,0,0,0,0,0
81,0,0,0,0,0,0
79,0,0,0,0,0,0
89,0,0,0,0,0,0
73,0,0,0,0,0,0
81,0,0,0,0,0,0
83,0,0,0,0,0,0
73,0,0,0,0,0,0
77,0,0,0,0,0,0
99,0,0,0,0,0,0
83,0,0,0,0,0,0
82,0,0,0,0,0,0
78,0,0,0,0,0,0
75,0,0,0,0,0,0
79,0,0,0,0,0,0
72,0,0,0,0,0,0
73,0,0,0,0,0,0
85,0,0,0,0,0,0
86,0,0,0,0,0,0
100,0,0,0,0,0,0
92,0,0,0,0,0,0
98,0,0,0,0,0,0
71,0,0,0,0,0,0
81,0,0,0,0,0,0
86,0,0,0,0,0,0
66,0,0,0,0,0,0
81,0,0,0,0,0,0
77,0,0,0,0,0,0
89,0,0,0,0,0,0
77,0,0,0,0,0,0
71,0,0,0,0,0,0
76,0,0,0,0,0,0
82,0,0,0,0,0,0
79,0,0,0,0,0,0
80,0,0,0,0,0,0
79,0,0,0,0,0,0
75,0,0,0,0,0,0
70,0,0,0,0,0,1
83,0,0,0,0,0,0
79,0,0,0,0,0,0
81,0,0,0,0,0,0
79,0,0,0,0,0,0
93,0,0,0,0,0,0
76,0,0,0,0,0,0
74,0,0,0,0,0,0
82,0,0,0,0,0,0
66,0,0,0,0,0,0
77,0,0,0,0,0,0
90,0,0,0,0,0,0
82,0,0,0,0,0,0
96,0,0,0,0,0,0
77,0,0,0,0,0,0
68,0,0,0,0,0,0
75,0,0,0,0,0,0
75,0,0,0,0,0,0
86,0,0,0,0,0,0
86,0,0,0,0,0,0
79,0,0,0,0,0,0
98,0,0,0,0,0,0
86,0,0,0,0,0,0
76,0,0,0,0,0,0
89,0,0,0,0,0,0
80,0,0,0,0,0,0
100,0,0,0,0,0,0
78,0,0,0,0,0,0
95,0,0,0,0,0,0
78,0,0,0,0,0,0
95,0,0,0,0,0,0
85,0,0,0,0,0,0
82,0,0,0,0,0,0
91,0,0,0,0,0,0
80,0,0,0,0,0,0
77,0,0,0,0,0,0
83,0,0,0,0,0,0
78,0,0,0,0,0,0
66,0,0,0,0,0,0
67,0,0,0,0,0,0
83,0,0,0,0,0,0
60,0,0,0,0,1,0
48,0,0,0,2,0,0
49,0,0,0,2,0,0
46,0,0,0,1,0,0
46,0,0,0,1,0,0
46,0,0,0,1,0,0
46,0,0,0,1,0,0
46,0,0,0,1,0,0
47,0,0,0,2,0,0
48,0,0,0,2,0,0
53,0,0,0,3,0,0
59,0,0,0,1,0,0
48,0,0,0,0,0,0
48,0,0,0,1,0,0
46,0,0,0,1,0,0
46,0,0,0,1,0,0
47,0,0,0,2,0,0
46,0,0,0,1,0,0
47,0,0,0,2,0,0
46,0,0,0,1,0,0
55,0,0,0,2,0,0
48,0,0,0,2,0,0
46,0,0,0,0,0,0
46,0,0,0,1,0,0
46,0,0,0,1,0,0
46,0,0,0,1,0,0
54,0,0,0,3,0,0
49,0,0,0,2,0,0
48,0,0,0,1,0,0
46,0,0,0,1,0,0
46,0,0,0,1,0,0
46,0,0,0,1,0,0
54,0,0,0,3,0,0
53,0,0,0,1,0,0
50,0,0,0,3,0,0
49,0,0,0,1,0,0
53,0,0,0,3,0,0
53,0,0,0,1,0,0
46,0,0,0,1,0,0
46,0,0,0,1,0,0
51,0,0,0,3,0,0
57,0,0,0,1,0,0
46,0,0,0,1,0,0
48,0,0,0,1,0,0
55,0,0,0,3,0,0
47,0,0,0,1,0,0
46,0,0,0,1,0,0
46,0,0,0,1,0,0
53,0,0,0,3,0,0
46,0,0,0,0,0,0
46,0,0,0,2,0,0
46,0,0,0,0,0,0
46,0,0,0,1,0,0
46,0,0,0,1,0,0
46,0,0,0,1,0,0
47,0,0,0,2,0,0
46,0,0,0,1,0,0
46,0,0,0,1,0,0
56,0,0,0,2,0,0
48,0,0,0,1,0,0
48,0,0,0,1,0,0
53,0,0,0,3,0,0
51,0,0,0,2,0,0
52,0,0,0,2,0,0
50,0,0,0,2,0,0
58,0,0,0,1,0,0
63,0,0,0,0,0,0
75,0,0,0,0,0,0
85,0,0,0,0,0,0
82,0,0,0,0,0,0
66,0,0,0,0,0,0
70,0,0,0,0,0,0
84,0,0,0,0,0,0
81,0,0,0,0,0,0
85,0,0,0,0,0,0
74,0,0,0,0,0,0
77,0,0,0,0,0,0
64,0,0,0,3,0,0
84,0,0,0,0,0,0
75,0,0,0,0,0,0
83,0,0,0,0,0,0
81,0,0,0,0,0,0
78,0,0,0,0,0,0
80,0,0,0,0,0,0
71,0,0,0,0,0,0
80,0,0,0,0,0,0
75,0,0,0,0,0,0
77,0,0,0,0,0,0
73,0,0,0,0,0,0
82,0,0,0,0,0,0
99,0,0,0,0,0,0
87,0,0,0,0,0,0
83,0,0,0,0,0,0
85,0,0,0,0,0,0
88,0,0,0,0,0,0
88,0,0,0,0,0,0
84,0,0,0,0,0,0
68,0,0,0,0,0,0
95,0,0,0,0,0,0
68,0,0,0,0,0,0
95,0,0,0,0,0,0
109,0,0,0,0,0,0
88,0,0,0,0,0,0
78,0,0,0,0,0,0
99,0,0,0,0,0,0
88,0,0,0,0,0,0
80,0,0,0,0,0,0
87,0,0,0,0,0,0
89,0,0,0,0,0,0
76,0,0,0,0,3,0
78,0,0,0,0,1,0
94,0,0,0,0,0,0
78,0,0,0,0,0,0
73,0,0,0,0,0,0
83,0,0,0,0,0,0
82,0,0,0,0,0,0
93,0,0,0,0,0,0
75,0,0,0,0,0,0
78,0,0,0,0,0,0
87,0,0,0,0,0,0
78,0,0,0,0,0,0
103,0,0,0,0,0,0
99,0,0,0,0,0,0
94,0,0,0,0,0,0
90,0,0,0,0,0,0
101,0,0,0,0,0,0
95,0,0,0,0,0,0
96,0,0,0,0,0,0
79,0,0,0,0,0,0
83,0,0,0,0,0,0
82,0,0,0,0,0,0
95,0,0,0,0,0,0
87,0,0,0,0,0,0
86,0,0,0,0,0,0
99,0,0,0,0,0,0
93,0,0,0,0,0,0
85,0,0,0,0,0,0
84,0,0,0,0,0,0
80,0,0,0,0,0,0
92,0,0,0,0,0,0
81,0,0,0,0,0,0
84,0,0,0,0,0,0
91,0,0,0,0,0,0
81,0,0,0,0,0,0
81,0,0,0,0,0,0
83,0,0,0,0,0,2
81,0,0,0,0,0,3
66,0,0,0,0,0,0
81,0,0,0,0,0,1
79,0,0,0,0,0,0
73,0,0,0,0,0,1
76,0,0,0,0,0,1
83,0,0,0,0,0,2
75,0,0,0,0,0,0
80,0,0,0,0,0,0
83,0,0,0,0,0,0
98,0,0,0,0,0,0
81,0,0,0,0,0,0
88,0,0,0,0,0,0
83,0,0,0,0,0,0
80,0,0,0,0,0,0
89,0,0,0,0,0,0
87,0,0,0,0,0,0
92,0,0,0,0,0,0
104,0,0,0,0,0,0
97,0,0,0,0,0,0
83,0,0,0,0,0,0
85,0,0,0,0,0,0
99,0,0,0,0,0,0
83,0,0,0,0,0,0
84,0,0,0,0,0,0
84,0,0,0,0,0,0
88,0,0,0,0,0,0
90,0,0,0,0,0,0
95,0,0,0,0,0,0
92,0,0,0,0,0,0
94,0,0,0,0,0,0
82,0,0,0,0,0,0
102,0,0,0,0,0,0
88,0,0,0,0,0,0
100,0,0,0,0,0,0
87,0,0,0,0,0,0
91,0,0,0,0,0,0
93,0,0,0,0,0,0
80,0,0,0,0,0,0
89,0,0,0,0,0,0
91,0,0,0,0,0,0
86,0,0,0,0,0,0
98,0,0,0,0,0,0
79,0,0,0,0,0,0
85,0,0,0,0,0,0
87,0,0,0,0,0,0
72,0,0,0,0,0,1
83,0,0,0,0,0,0
91,0,0,0,0,0,0
99,0,0,0,0,0,0
92,0,0,0,0,0,0
82,0,0,0,0,0,0
108,0,0,0,0,0,0
86,0,0,0,0,0,0
85,0,0,0,0,0,0
73,0,0,0,0,0,0
87,0,0,0,0,0,0
85,0,0,0,0,0,0
82,0,0,0,0,0,0
93,0,0,0,0,0,0
88,0,0,0,0,0,0
87,0,0,0,0,0,0
83,0,0,0,0,0,0
89,0,0,0,0,0,0
85,0,0,0,0,0,0
70,0,0,0,3,0,0
75,0,0,0,1,0,0
74,0,0,0,2,0,0
83,0,0,0,1,0,0
76,0,0,0,2,0,0
65,0,0,0,6,0,0
69,0,0,0,0,0,0
76,0,0,0,0,0,0
82,0,0,0,0,0,0
83,0,0,0,0,0,0
80,0,0,0,0,0,0
91,0,0,0,0,0,0
84,0,0,0,0,0,0
89,0,0,0,0,0,0
105,0,0,0,0,0,0
78,0,0,0,0,0,0
93,0,0,0,0,0,0
85,0,0,0,0,0,0
77,0,0,0,0,0,0
95,0,0,0,0,1,0
72,0,0,0,0,1,0
82,0,0,0,0,1,0
59,0,0,0,0,3,0
54,0,0,0,0,0,0
54,0,0,0,0,1,0
54,0,0,0,0,1,0
54,0,0,0,0,1,0
55,0,0,0,0,2,0
54,0,0,0,0,1,0
64,0,0,0,0,1,0
63,0,0,0,0,2,0
54,0,0,0,0,1,0
54,0,0,0,0,1,0
59,0,0,0,0,2,0
57,0,0,0,0,3,0
68,0,0,0,0,3,0
57,0,0,0,0,1,0
55,0,0,0,0,2,0
54,0,0,0,0,1,0
54,0,0,0,0,1,0
54,0,0,0,0,1,0
54,0,0,0,0,1,0
54,0,0,0,0,1,0
54,0,0,0,0,1,0
54,0,0,0,0,2,0
54,0,0,0,0,0,0
54,0,0,0,0,1,0
55,0,0,0,0,2,0
54,0,0,0,0,1,0
54,0,0,0,0,1,0
54,0,0,0,0,1,0
54,0,0,0,0,1,0
54,0,0,0,0,1,0
56,0,0,0,0,3,0
58,0,0,0,0,1,0
57,0,0,0,0,2,0
59,0,0,0,0,2,0
66,0,0,0,0,1,0
55,0,0,0,0,1,0
65,0,0,0,0,0,0
74,0,0,0,0,1,0
75,0,0,0,0,1,0
64,0,0,0,0,0,0
65,0,0,0,0,2,0
61,0,0,0,0,1,0
60,0,0,0,0,1,0
67,0,0,0,0,0,0
56,0,0,0,0,1,0
56,0,0,0,0,1,0
56,0,0,0,0,3,0
56,0,0,0,0,3,0
54,0,0,0,0,1,0
54,0,0,0,0,1,0
54,0,0,0,0,1,0
54,0,0,0,0,2,0
63,0,0,0,0,3,0
58,0,0,0,0,3,0
55,0,0,0,0,2,0
54,0,0,0,0,1,0
59,0,0,0,0,0,0
62,0,0,0,2,3,0
59,0,0,0,2,0,0
57,0,0,0,2,0,0
56,0,0,0,3,0,0
58,0,0,0,3,0,0
54,0,0,0,1,0,0
54,0,0,0,1,0,0
60,0,0,0,1,0,0
58,0,0,0,1,0,0
54,0,0,0,1,0,0
57,0,0,0,2,0,0
68,0,0,0,2,0,0
57,0,0,0,2,0,0
54,0,0,0,1,0,0
54,0,0,0,0,0,0
54,0,0,0,1,0,0
54,0,0,0,1,0,0
54,0,0,0,1,0,0
54,0,0,0,1,0,0
54,0,0,0,1,0,0
54,0,0,0,1,0,0
54,0,0,0,1,0,0
54,0,0,0,1,0,0
54,0,0,0,1,0,0
54,0,0,0,1,0,0
57,0,0,0,2,0,0
78,0,0,0,0,0,0
85,0,0,0,0,0,0
95,0,0,0,0,0,0
72,0,0,0,1,0,0
59,0,0,0,1,0,0
55,0,0,0,2,0,0
54,0,0,0,1,0,0
54,0,0,0,1,0,0
54,0,0,0,1,0,0
54,0,0,0,1,0,0
54,0,0,0,1,0,0
54,0,0,0,1,0,0
54,0,0,0,1,0,0
54,0,0,0,1,0,0
55,0,0,0,2,0,0
54,0,0,0,1,0,0
54,0,0,0,1,0,0
54,0,0,0,1,0,0
54,0,0,0,1,0,0
65,0,0,0,2,0,0
61,0,0,0,1,0,0
54,0,0,0,0,0,0
54,0,0,0,1,0,0
54,0,0,0,1,0,0
54,0,0,0,1,0,0
54,0,0,0,1,0,0
54,0,0,0,1,0,0
54,0,0,0,1,0,0
54,0,0,0,1,0,0
58,0,0,0,2,0,0
70,0,0,0,2,0,0
60,0,0,0,2,0,0
54,0,0,0,0,0,0
54,0,0,0,1,0,0
54,0,0,0,1,0,0
54,0,0,0,1,0,0
54,0,0,0,1,0,0
54,0,0,0,1,0,0
54,0,0,0,1,0,0
54,0,0,0,1,0,0
54,0,0,0,1,0,0
54,0,0,0,1,0,0
54,0,0,0,1,0,0
54,0,0,0,1,0,0
54,0,0,0,1,0,0
54,0,0,0,1,0,0
54,0,0,0,1,0,0
54,0,0,0,1,0,0
54,0,0,0,1,0,0
54,0,0,0,1,0,0
54,0,0,0,1,0,0
54,0,0,0,1,0,0
54,0,0,0,1,0,0
54,0,0,0,1,0,0
54,0,0,0,1,0,0
54,0,0,0,1,0,0
54,0,0,0,1,0,0
54,0,0,0,1,0,0
54,0,0,0,1,0,0
54,0,0,0,1,0,0
54,0,0,0,1,0,0
54,0,0,0,1,0,0
54,0,0,0,1,0,0
54,0,0,0,1,0,0
54,0,0,0,2,0,0
54,0,0,0,1,0,0
54,0,0,0,0,0,0
54,0,0,0,1,0,0
54,0,0,0,1,0,0
56,0,0,0,2,0,0
62,0,0,0,2,0,0
54,0,0,0,1,0,0
54,0,0,0,1,0,0
54,0,0,0,1,0,0
54,0,0,0,1,0,0
54,0,0,0,1,0,0
54,0,0,0,1,0,0
54,0,0,0,1,0,0
53,0,0,0,1,0,0
54,0,0,0,0,0,0
54,0,0,0,1,0,0
63,0,0,0,4,0,0
57,0,0,0,0,0,0
68,2,0,0,0,0,0
59,4,0,0,0,0,0
52,2,0,0,0,0,0
48,2,0,0,0,0,0
47,1,0,0,0,0,0
50,1,0,0,0,0,0
46,1,0,0,0,0,0
46,1,0,0,0,0,0
46,1,0,0,0,0,0
47,2,0,0,0,0,0
47,2,0,0,0,0,0
46,1,0,0,0,0,0
46,1,0,0,0,0,0
47,2,0,0,0,0,0
50,3,0,0,0,0,0
49,2,0,0,0,0,0
46,2,0,0,0,0,0
46,0,0,0,0,0,0
46,1,0,0,0,0,0
46,1,0,0,0,0,0
46,1,0,0,0,0,0
46,1,0,0,0,0,0
46,1,0,0,0,0,0
46,1,0,0,0,0,0
46,1,0,0,0,0,0
46,1,0,0,0,0,0
46,1,0,0,0,0,0
46,1,0,0,0,0,0
50,1,0,0,0,0,0
51,2,0,0,0,0,0
46,1,0,0,0,0,0
46,1,0,0,0,0,0
46,1,0,0,0,0,0
46,1,0,0,0,0,0
46,1,0,0,0,0,0
46,1,0,0,0,0,0
46,1,0,0,0,0,0
46,1,0,0,0,0,0
46,1,0,0,0,0,0
46,1,0,0,0,0,0
46,1,0,0,0,0,0
46,1,0,0,0,0,0
46,1,0,0,0,0,0
46,1,0,0,0,0,0
46,1,0,0,0,0,0
46,1,0,0,0,0,0
46,1,0,0,0,0,0
46,1,0,0,0,0,0
46,1,0,0,0,0,0
46,1,0,0,0,0,0
46,1,0,0,0,0,0
46,1,0,0,0,0,0
46,1,0,0,0,0,0
46,1,0,0,0,0,0
46,1,0,0,0,0,0
46,1,0,0,0,0,0
46,1,0,0,0,0,0
49,2,0,0,0,0,0
47,2,0,0,0,0,0
46,1,0,0,0,0,0
46,1,0,0,0,0,0
46,1,0,0,0,0,0
46,1,0,0,0,0,0
46,1,0,0,0,0,0
46,1,0,0,0,0,0
46,1,0,0,0,0,0
46,1,0,0,0,0,0
46,1,0,0,0,0,0
46,1,0,0,0,0,0
46,1,0,0,0,0,0
46,1,0,0,0,0,0
46,1,0,0,0,0,0
46,1,0,0,0,0,0
46,1,0,0,0,0,0
46,1,0,0,0,0,0
46,1,0,0,0,0,0
46,2,0,0,0,0,0
46,0,0,0,0,0,0
46,1,0,0,0,0,0
46,1,0,0,0,0,0
46,1,0,0,0,0,0
45,1,0,0,0,0,0
46,0,0,0,0,0,0
46,1,0,0,0,0,0
46,1,0,0,0,0,0
46,1,0,0,0,0,0
46,1,0,0,0,0,0
46,1,0,0,0,0,0
46,1,0,0,0,0,0
46,1,0,0,0,0,0
46,1,0,0,0,0,0
46,1,0,0,0,0,0
46,1,0,0,0,0,0
46,1,0,0,0,0,0
46,1,0,0,0,0,0
46,1,0,0,0,0,0
47,2,0,0,0,0,0
51,2,0,0,0,0,0
46,1,0,0,0,0,0
46,1,0,0,0,0,0
46,1,0,0,0,0,0
46,1,0,0,0,0,0
46,1,0,0,0,0,0
46,1,0,0,0,0,0
46,1,0,0,0,0,0
46,1,0,0,0,0,0
46,1,0,0,0,0,0
46,1,0,0,0,0,0
53,2,0,0,0,0,0
51,3,0,0,0,0,0
46,0,0,0,0,0,0
46,1,0,0,0,0,0
46,1,0,0,0,0,0
46,1,0,0,0,0,0
51,3,0,0,0,0,0
47,1,0,0,0,0,0
46,1,0,0,0,0,0
46,1,0,0,0,0,0
46,1,0,0,0,0,0
46,1,0,0,0,0,0
48,3,0,0,0,0,0
50,2,0,0,0,0,0
46,0,0,0,0,0,0
46,1,0,0,0,0,0
46,1,0,0,0,0,0
46,1,0,0,0,0,0
46,1,0,0,0,0,0
46,1,0,0,0,0,0
46,1,0,0,0,0,0
46,1,0,0,0,0,0
46,1,0,0,0,0,0
46,1,0,0,0,0,0
46,1,0,0,0,0,0
46,1,0,0,0,0,0
46,1,0,0,0,0,0
47,2,0,0,0,0,0
49,2,0,0,0,0,0
51,3,0,0,0,0,0
50,3,0,0,0,0,0
51,3,0,0,0,0,0
46,1,0,0,0,0,0
46,1,0,0,0,0,0
46,1,0,0,0,0,0
46,1,0,0,0,0,0
46,1,0,0,0,0,0
46,1,0,0,0,0,0
46,1,0,0,0,0,0
46,1,0,0,0,0,0
46,1,0,0,0,0,0
46,1,0,0,0,0,0
46,1,0,0,0,0,0
46,1,0,0,0,0,0
46,1,0,0,0,0,0
46,1,0,0,0,0,0
46,1,0,0,0,0,0
46,1,0,0,0,0,0
46,1,0,0,0,0,0
46,1,0,0,0,0,0
53,4,0,0,0,0,0
56,2,0,0,0,0,0
47,1,0,0,0,0,0
49,4,0,0,0,0,0
47,2,0,0,0,0,0
46,1,0,0,0,0,0
46,1,0,0,0,0,0
46,1,0,0,0,0,0
46,1,0,0,0,0,0
46,1,0,0,0,0,0
46,1,0,0,0,0,0
46,1,0,0,0,0,0
46,1,0,0,0,0,0
46,1,0,0,0,0,0
46,1,0,0,0,0,0
46,1,0,0,0,0,0
46,1,0,0,0,0,0
46,1,0,0,0,0,0
46,1,0,0,0,0,0
46,1,0,0,0,0,0
46,1,0,0,0,0,0
46,1,0,0,0,0,0
47,2,0,0,0,0,0
46,1,0,0,0,0,0
46,1,0,0,0,0,0
46,1,0,0,0,0,0
46,1,0,0,0,0,0
46,1,0,0,0,0,0
46,1,0,0,0,0,0
46,1,0,0,0,0,0
46,1,0,0,0,0,0
46,1,0,0,0,0,0
46,1,0,0,0,0,0
46,1,0,0,0,0,0
46,1,0,0,0,0,0
46,2,0,0,0,0,0
46,0,0,0,0,0,0
46,1,0,0,0,0,0
46,1,0,0,0,0,0
48,1,0,0,0,0,0
47,2,0,0,0,0,0
46,1,0,0,0,0,0
46,1,0,0,0,0,0
46,1,0,0,0,0,0
46,1,0,0,0,0,0
46,1,0,0,0,0,0
47,2,0,0,0,0,0
52,1,0,0,0,0,0
59,1,0,0,0,0,0
63,2,0,0,0,0,0
88,0,0,0,0,0,0
94,0,0,0,0,0,0
85,0,0,0,0,0,0
82,0,0,0,0,0,0
64,0,0,0,0,0,0
59,1,0,0,0,0,0
57,1,0,0,0,0,0
52,3,0,0,0,0,0
48,3,0,0,0,0,0
52,3,0,0,0,0,0
52,1,0,0,0,0,0
48,1,0,0,0,0,0
47,1,0,0,0,0,0
51,3,0,0,0,0,0
49,3,0,0,0,0,0
65,0,0,0,0,0,0
72,1,0,0,0,0,0
49,1,0,0,0,0,0
54,2,0,0,0,0,0
57,1,0,0,0,0,0
47,1,0,0,0,0,0
46,1,0,0,0,0,0
46,1,0,0,0,0,0
46,1,0,0,0,0,0
46,1,0,0,0,0,0
46,1,0,0,0,0,0
46,1,0,0,0,0,0
46,1,0,0,0,0,0
46,1,0,0,0,0,0
46,1,0,0,0,0,0
46,1,0,0,0,0,0
46,1,0,0,0,0,0
56,1,0,0,0,0,0
56,1,0,0,0,0,0
46,1,0,0,0,0,0
46,1,0,0,0,0,0
49,3,0,0,0,0,0
72,4,0,0,0,0,0
75,0,0,0,0,0,0
75,0,0,0,0,0,0
83,0,0,0,0,0,0
67,0,0,0,0,0,0
82,0,0,0,0,0,0
74,0,0,0,0,0,0
68,0,0,0,0,0,0
81,0,0,0,0,0,0
57,0,0,1,0,0,0
66,0,0,0,0,0,0
86,0,0,1,0,0,0
53,0,0,2,0,0,0
56,0,0,1,0,0,0
61,0,0,3,0,0,0
46,0,0,1,0,0,0
46,0,0,1,0,0,0
46,0,0,1,0,0,0
46,0,0,1,0,0,0
46,0,0,1,0,0,0
46,0,0,1,0,0,0
46,0,0,1,0,0,0
46,0,0,1,0,0,0
49,0,0,2,0,0,0
54,0,0,2,0,0,0
46,0,0,0,0,0,0
46,0,0,1,0,0,0
46,0,0,1,0,0,0
46,0,0,1,0,0,0
58,0,0,1,0,0,0
47,0,0,2,0,0,0
46,0,0,1,0,0,0
46,0,0,1,0,0,0
46,0,0,1,0,0,0
46,0,0,1,0,0,0
46,0,0,1,0,0,0
46,0,0,1,0,0,0
46,0,1,0,0,0,0
48,0,0,1,0,0,0
46,0,0,1,0,0,0
46,0,0,1,0,0,0
46,0,0,1,0,0,0
46,0,0,1,0,0,0
46,0,0,1,0,0,0
46,0,0,1,0,0,0
58,0,0,2,0,0,0
49,0,0,4,0,0,0
47,0,0,1,0,0,0
46,0,0,1,0,0,0
47,0,2,0,0,0,0
46,0,1,0,0,0,0
46,0,1,0,0,0,0
46,0,1,0,0,0,0
52,0,2,0,0,0,0
75,0,0,0,0,0,0
88,0,0,0,0,0,0
79,0,0,0,0,0,0
79,0,0,0,0,0,0
84,0,0,0,0,0,0
68,0,0,0,0,0,0
80,0,0,0,0,0,0
80,0,0,0,0,0,0
77,0,0,0,0,0,0
89,0,0,0,0,0,0
77,0,0,0,0,0,0
74,0,0,0,0,0,0
73,0,0,0,0,0,0
73,1,0,0,0,0,0
71,0,0,0,0,0,0
73,0,0,0,0,0,0
84,0,0,0,0,0,0
78,0,0,0,0,0,0
82,0,0,0,0,0,0
90,0,0,0,0,0,0
91,0,0,0,0,0,0
78,0,0,0,0,0,0
100,0,0,0,0,0,0
81,0,0,0,0,0,0
72,0,0,0,0,0,0
78,0,0,0,0,0,0
77,0,0,0,0,0,0
81,0,0,0,0,0,0
69,0,0,0,0,0,0
76,2,0,0,0,0,0
78,0,0,0,0,0,0
84,0,0,0,0,0,0
89,0,0,0,0,0,0
80,0,0,0,0,0,0
77,0,0,0,0,0,0
78,0,0,0,0,0,0
87,0,0,0,0,0,0
67,0,0,0,0,0,0
72,0,1,0,0,0,0
65,0,0,0,0,0,0
73,0,0,0,0,0,0
73,0,1,0,0,0,0
51,0,5,0,0,0,0
47,0,0,0,0,0,0
48,0,2,0,0,0,0
49,0,1,0,0,0,0
47,0,1,0,0,0,0
48,0,2,0,0,0,0
47,0,1,0,0,0,0
47,0,1,0,0,0,0
47,0,1,0,0,0,0
47,0,1,0,0,0,0
47,0,1,0,0,0,0
57,0,2,0,0,0,0
51,0,1,0,0,0,0
53,0,2,0,0,0,0
55,0,1,0,0,0,0
48,0,1,0,0,0,0
48,0,1,0,0,0,0
47,0,1,0,0,0,0
47,0,1,0,0,0,0
47,0,1,0,0,0,0
47,0,1,0,0,0,0
47,0,1,0,0,0,0
47,0,1,0,0,0,0
47,0,1,0,0,0,0
47,0,1,0,0,0,0
47,0,1,0,0,0,0
49,0,2,0,0,0,0
48,0,1,0,0,0,0
47,0,1,0,0,0,0
47,0,1,0,0,0,0
47,0,1,0,0,0,0
47,0,1,0,0,0,0
47,0,1,0,0,0,0
47,0,1,0,0,0,0
47,0,1,0,0,0,0
47,0,1,0,0,0,0
47,0,1,0,0,0,0
47,0,1,0,0,0,0
47,0,1,0,0,0,0
47,0,1,0,0,0,0
47,0,1,0,0,0,0
47,0,1,0,0,0,0
47,0,1,0,0,0,0
47,0,1,0,0,0,0
47,0,1,0,0,0,0
47,0,1,0,0,0,0
47,0,1,0,0,0,0
47,0,1,0,0,0,0
47,0,1,0,0,0,0
47,0,1,0,0,0,0
47,0,1,0,0,0,0
47,0,1,0,0,0,0
48,0,2,0,0,0,0
53,0,1,0,0,0,0
51,0,1,0,0,0,0
55,0,2,0,0,0,0
70,0,0,0,0,0,0
75,0,0,0,0,0,0
75,0,0,0,0,0,0
73,0,0,0,0,0,0
61,0,1,0,0,0,0
51,0,5,0,0,0,0
56,1,0,0,0,0,0
68,3,0,0,0,0,0
49,2,0,0,0,0,0
47,1,0,0,0,0,0
47,0,0,0,0,0,0
47,1,0,0,0,0,0
47,1,0,0,0,0,0
47,1,0,0,0,0,0
47,1,0,0,0,0,0
47,1,0,0,0,0,0
47,1,0,0,0,0,0
47,1,0,0,0,0,0
47,1,0,0,0,0,0
47,1,0,0,0,0,0
51,2,0,0,0,0,0
50,2,0,0,0,0,0
47,0,0,0,0,0,0
47,1,0,0,0,0,0
47,1,0,0,0,0,0
47,1,0,0,0,0,0
47,1,0,0,0,0,0
47,1,0,0,0,0,0
47,1,0,0,0,0,0
47,1,0,0,0,0,0
47,1,0,0,0,0,0
47,1,0,0,0,0,0
47,1,0,0,0,0,0
47,1,0,0,0,0,0
47,1,0,0,0,0,0
47,1,0,0,0,0,0
47,1,0,0,0,0,0
47,1,0,0,0,0,0
47,1,0,0,0,0,0
51,3,0,0,0,0,0
54,3,0,0,0,0,0
47,0,0,0,0,0,0
48,2,0,0,0,0,0
47,1,0,0,0,0,0
47,1,0,0,0,0,0
47,1,0,0,0,0,0
47,1,0,0,0,0,0
47,1,0,0,0,0,0
47,1,0,0,0,0,0
47,1,0,0,0,0,0
47,1,0,0,0,0,0
47,1,0,0,0,0,0
47,1,0,0,0,0,0
47,1,0,0,0,0,0
47,1,0,0,0,0,0
47,1,0,0,0,0,0
47,1,0,0,0,0,0
47,1,0,0,0,0,0
47,1,0,0,0,0,0
47,1,0,0,0,0,0
47,1,0,0,0,0,0
47,1,0,0,0,0,0
47,1,0,0,0,0,0
47,1,0,0,0,0,0
47,1,0,0,0,0,0
47,1,0,0,0,0,0
47,1,0,0,0,0,0
47,1,0,0,0,0,0
47,1,0,0,0,0,0
47,1,0,0,0,0,0
47,1,0,0,0,0,0
47,1,0,0,0,0,0
47,1,0,0,0,0,0
47,1,0,0,0,0,0
47,1,0,0,0,0,0
47,1,0,0,0,0,0
47,1,0,0,0,0,0
47,1,0,0,0,0,0
47,1,0,0,0,0,0
47,1,0,0,0,0,0
47,1,0,0,0,0,0
47,1,0,0,0,0,0
47,1,0,0,0,0,0
47,1,0,0,0,0,0
47,1,0,0,0,0,0
47,1,0,0,0,0,0
47,1,0,0,0,0,0
47,1,0,0,0,0,0
47,1,0,0,0,0,0
47,1,0,0,0,0,0
47,1,0,0,0,0,0
47,1,0,0,0,0,0
47,1,0,0,0,0,0
47,1,0,0,0,0,0
47,1,0,0,0,0,0
47,1,0,0,0,0,0
47,1,0,0,0,0,0
47,1,0,0,0,0,0
47,1,0,0,0,0,0
47,1,0,0,0,0,0
47,1,0,0,0,0,0
47,1,0,0,0,0,0
47,1,0,0,0,0,0
47,1,0,0,0,0,0
47,1,0,0,0,0,0
47,1,0,0,0,0,0
47,1,0,0,0,0,0
47,1,0,0,0,0,0
47,1,0,0,0,0,0
47,1,0,0,0,0,0
47,1,0,0,0,0,0
47,1,0,0,0,0,0
47,1,0,0,0,0,0
52,3,0,0,0,0,0
68,1,0,0,0,0,0
58,3,0,0,0,0,0
60,2,0,0,0,0,0
52,1,0,0,0,0,0
51,2,0,0,0,0,0
47,0,0,0,0,0,0
47,1,0,0,0,0,0
48,1,0,0,0,0,0
47,0,0,0,0,0,0
47,1,0,0,0,0,0
47,1,0,0,0,0,0
47,1,0,0,0,0,0
47,1,0,0,0,0,0
47,1,0,0,0,0,0
47,1,0,0,0,0,0
47,1,0,0,0,0,0
47,1,0,0,0,0,0
47,1,0,0,0,0,0
47,1,0,0,0,0,0
47,1,0,0,0,0,0
47,1,0,0,0,0,0
47,1,0,0,0,0,0
47,1,0,0,0,0,0
53,1,0,0,0,0,0
63,2,0,0,0,0,0
55,2,0,0,0,0,0
50,2,0,0,0,0,0
47,1,0,0,0,0,0
47,1,0,0,0,0,0
52,1,0,0,0,0,0
51,3,0,0,0,0,0
47,0,0,0,0,0,0
47,1,0,0,0,0,0
51,3,0,0,0,0,0
72,1,0,0,0,0,0
69,1,0,0,0,0,0
75,0,0,0,0,0,0
89,0,0,0,0,0,0
57,0,0,0,0,0,0
49,2,0,0,0,0,0
62,3,0,0,0,0,0
54,2,0,0,0,0,0
61,3,0,0,0,0,0
55,1,0,0,0,0,0
69,2,0,0,0,0,0
80,0,0,0,0,0,0
56,3,0,0,0,0,0
47,1,0,0,0,0,0
47,1,0,0,0,0,0
59,3,0,0,0,0,0
58,1,0,0,0,0,0
49,2,0,0,0,0,0
47,1,0,0,0,0,0
47,1,0,0,0,0,0
47,1,0,0,0,0,0
47,1,0,0,0,0,0
47,1,0,0,0,0,0
47,1,0,0,0,0,0
47,1,0,0,0,0,0
47,1,0,0,0,0,0
47,1,0,0,0,0,0
47,1,0,0,0,0,0
49,1,0,0,0,0,0
51,2,0,0,0,0,0
49,2,0,0,0,0,0
47,1,0,0,0,0,0
47,1,0,0,0,0,0
47,1,0,0,0,0,0
47,1,0,0,0,0,0
47,1,0,0,0,0,0
47,1,0,0,0,0,0
47,1,0,0,0,0,0
47,1,0,0,0,0,0
47,1,0,0,0,0,0
47,1,0,0,0,0,0
47,1,0,0,0,0,0
47,1,0,0,0,0,0
47,1,0,0,0,0,0
48,2,0,0,0,0,0
47,1,0,0,0,0,0
47,1,0,0,0,0,0
50,2,0,0,0,0,0
47,1,0,0,0,0,0
47,1,0,0,0,0,0
47,1,0,0,0,0,0
47,1,0,0,0,0,0
47,1,0,0,0,0,0
47,1,0,0,0,0,0
80,0,0,0,0,0,0
88,0,0,0,0,0,0
96,0,0,0,0,0,0
91,0,0,0,0,0,0
90,0,0,0,0,0,0
93,0,0,0,0,0,0
106,0,0,0,0,0,0
91,0,0,0,0,0,0
81,0,0,0,0,0,0
79,0,0,0,0,1,0
89,0,0,0,0,0,0
84,0,0,0,0,0,0
82,0,0,0,0,0,0
80,0,0,0,3,0,0
81,0,0,0,0,0,0
87,0,0,0,0,0,0
72,0,0,0,0,0,0
90,0,0,0,0,0,0
84,0,0,0,0,0,0
93,0,0,0,0,0,0
94,0,0,0,0,0,0
89,0,0,0,0,0,0
91,0,0,0,0,0,0
107,0,0,0,0,0,0
90,0,0,0,0,0,0
99,0,0,0,0,0,0
105,0,0,0,0,0,0
98,0,0,0,0,0,0
93,0,0,0,0,0,0
90,0,0,0,0,0,0
86,0,0,0,0,0,0
92,0,0,0,0,0,1
91,0,0,0,0,0,0
85,0,0,0,0,0,0
96,0,0,0,0,0,0
86,0,0,0,0,0,0
90,0,0,0,0,0,0
84,0,0,0,0,0,0
91,0,0,0,0,0,0
77,0,0,0,0,0,1
62,0,0,0,0,0,4
59,0,0,0,0,0,0
59,0,0,0,0,0,1
66,0,0,0,0,0,2
62,0,0,0,0,0,3
59,0,0,0,0,0,0
59,0,0,0,0,0,1
59,0,0,0,0,0,1
59,0,0,0,0,0,1
61,0,0,0,0,0,2
62,0,0,0,0,0,3
60,0,0,0,0,0,2
59,0,0,0,0,0,1
63,0,0,0,0,0,3
67,0,0,0,0,0,1
66,0,0,0,0,0,2
64,0,0,0,0,0,3
69,0,0,0,0,0,1
83,0,0,0,0,0,4
92,0,0,0,0,0,0
61,0,0,0,0,0,4
59,0,0,0,0,0,0
59,0,0,0,0,0,1
60,0,0,0,0,0,2
59,0,0,0,0,0,1
60,0,0,0,0,0,2
62,0,0,0,0,0,2
59,0,0,0,0,0,1
59,0,0,0,0,0,1
63,0,0,0,0,0,1
62,0,0,0,0,0,2
60,0,0,0,0,0,2
59,0,0,0,0,0,1
59,0,0,0,0,0,1
59,0,0,0,0,0,1
68,0,0,0,3,0,2
62,0,0,0,2,0,0
59,0,0,0,1,0,0
59,0,0,0,0,0,0
59,0,0,0,1,0,0
59,0,0,0,1,0,0
68,0,0,0,4,0,0
80,0,0,0,0,0,0
88,0,0,0,0,0,0
88,0,0,0,1,0,0
77,0,0,0,0,0,0
64,0,0,0,2,0,0
59,0,0,0,1,0,0
59,0,0,0,1,0,0
59,0,0,0,1,0,0
59,0,0,0,1,0,0
59,0,0,0,1,0,0
59,0,0,0,1,0,0
59,0,0,0,1,0,0
59,0,0,0,1,0,0
59,0,0,0,1,0,0
61,0,0,0,1,0,0
59,0,0,0,1,0,0
59,0,0,0,1,0,0
59,0,0,0,1,0,0
61,0,0,0,4,0,0
59,0,0,0,0,0,0
59,0,0,0,1,0,0
62,0,0,0,2,0,0
63,0,0,0,4,0,0
60,0,0,0,1,0,0
59,0,0,0,1,0,0
59,0,0,0,1,0,0
59,0,0,0,1,0,0
59,0,0,0,1,0,0
59,0,0,0,1,0,0
59,0,0,0,1,0,0
59,0,0,0,1,0,0
59,0,0,0,1,0,0
59,0,0,0,1,0,0
59,0,0,0,1,0,0
59,0,0,0,1,0,0
59,0,0,0,1,0,0
59,0,0,0,1,0,0
59,0,0,0,1,0,0
59,0,0,0,1,0,0
59,0,0,0,1,0,0
59,0,0,0,1,0,0
59,0,0,0,1,0,0
59,0,0,0,1,0,0
59,0,0,0,1,0,0
59,0,0,0,1,0,0
59,0,0,0,1,0,0
59,0,0,0,1,0,0
59,0,0,0,1,0,0
59,0,0,0,1,0,0
59,0,0,0,1,0,0
59,0,0,0,1,0,0
59,0,0,0,1,0,0
59,0,0,0,1,0,0
59,0,0,0,1,0,0
59,0,0,0,1,0,0
66,0,0,0,0,0,0
65,0,0,0,2,0,0
69,0,0,0,2,0,0
59,0,0,0,2,0,0
64,0,0,0,1,0,0
59,0,0,0,1,0,0
59,0,0,0,1,0,0
62,0,0,0,1,0,0
65,0,0,0,4,0,0
61,0,0,0,2,0,0
59,0,0,0,0,0,0
59,0,0,0,1,0,0
65,0,0,0,1,0,0
84,0,0,0,0,0,0
88,0,0,0,0,0,0
87,0,0,0,0,0,0
103,0,0,0,0,0,0
104,0,0,0,0,0,0
98,0,0,0,0,0,0
91,0,0,0,0,0,0
91,0,0,0,0,0,0
95,0,0,0,0,0,0
83,0,0,0,5,0,0
104,0,0,0,0,0,0
99,0,0,0,0,0,0
85,0,0,0,0,0,0
80,0,0,0,0,0,1
85,0,0,0,1,0,1
75,0,0,0,1,0,0
82,0,0,0,0,0,0
83,0,0,0,0,0,0
85,0,0,0,0,0,0
92,0,0,0,0,0,0
105,0,0,0,0,0,0
94,0,0,0,0,0,0
84,0,0,0,1,0,0
89,0,0,0,1,0,0
92,0,0,0,1,0,0
88,0,0,0,0,0,0
83,0,0,0,0,0,0
80,0,0,0,0,0,0
88,0,0,0,0,0,0
102,0,0,0,0,0,0
89,0,0,0,0,0,0
94,0,0,0,1,0,0
83,0,0,0,0,0,0
83,0,0,0,1,0,0
81,0,0,0,0,0,0
91,0,0,0,1,0,0
61,0,0,0,2,0,0
69,0,0,0,3,0,0
64,0,0,0,4,0,0
60,0,0,0,2,0,0
59,0,0,0,1,0,0
59,0,0,0,1,0,0
59,0,0,0,1,0,0
60,0,0,0,1,0,0
62,0,0,0,1,0,0
68,0,0,0,1,0,0
63,0,0,0,2,0,0
59,0,0,0,1,0,0
59,0,0,0,1,0,0
59,0,0,0,1,0,0
59,0,0,0,1,0,0
59,0,0,0,1,0,0
59,0,0,0,1,0,0
60,0,0,0,2,0,0
63,0,0,0,4,0,0
60,0,0,0,1,0,0
59,0,0,0,1,0,0
66,0,0,0,2,0,0
77,0,0,0,0,0,0
80,0,0,0,1,0,0
61,0,0,0,3,0,0
59,0,0,0,1,0,0
61,0,0,0,1,0,0
62,0,0,0,2,0,0
65,0,0,0,3,0,0
60,0,0,0,2,0,0
59,0,0,0,1,0,0
64,0,0,0,2,0,0
87,0,0,0,3,0,0
94,0,0,0,0,0,0
99,0,0,0,0,0,0
108,0,0,0,0,0,0
106,0,0,0,0,0,0
87,0,0,0,0,0,0
92,0,0,0,0,0,0
82,0,0,0,0,0,0
96,0,0,0,0,0,0
97,0,0,0,0,0,0
94,0,0,0,0,0,0
84,0,0,0,0,0,0
94,0,0,0,0,0,0
98,0,0,0,0,0,0
82,0,0,0,0,0,0
91,0,0,0,0,0,0
88,0,0,0,0,0,0
98,0,0,0,0,0,0
109,0,0,0,0,0,0
93,0,0,0,0,0,0
76,0,0,0,1,0,0
83,0,0,0,1,0,0
95,0,0,0,0,0,0
106,0,0,0,0,0,0
90,0,0,0,0,0,0
91,0,0,0,0,0,0
89,0,0,0,0,0,0
88,0,0,0,0,0,0
90,0,0,0,0,0,0
91,0,0,0,0,0,0
98,0,0,0,0,0,0
104,0,0,0,0,0,0
82,0,0,0,0,0,0
82,0,0,0,0,0,0
78,0,0,0,4,0,0
95,0,0,0,0,0,0
82,0,0,0,0,0,0
88,0,0,0,0,0,0
86,0,0,0,0,0,0
94,0,0,0,0,0,0
79,0,0,0,0,0,0
79,0,0,0,0,0,0
81,0,0,0,0,0,2
79,0,0,0,0,0,0
91,0,0,0,0,0,0
80,0,0,0,0,0,1
78,0,0,0,0,0,3
82,0,0,0,0,0,1
77,0,0,0,0,0,0
106,0,0,0,0,0,0
87,0,0,0,0,0,0
104,0,0,0,0,0,0
89,0,0,0,0,0,0
104,0,0,0,0,0,0
99,0,0,0,0,0,0
98,0,0,0,0,0,0
94,0,0,0,0,0,0
94,0,0,0,0,0,0
99,0,0,0,0,0,0
88,0,0,0,0,0,0
78,0,0,0,1,0,0
98,0,0,0,0,0,0
86,0,0,0,0,0,0
76,0,0,0,3,0,0
91,0,0,0,0,0,0
96,0,0,0,0,0,0
87,0,0,0,0,0,0
97,0,0,0,0,0,0
101,0,0,0,0,0,0
91,0,0,0,0,0,0
97,0,0,0,0,0,0
94,0,0,0,0,0,0
107,0,0,0,0,0,0
80,0,0,0,0,0,0
90,0,0,0,0,0,0
93,0,0,0,0,0,0
79,0,0,0,0,0,0
98,0,0,0,0,0,0
76,0,0,0,3,0,0
59,0,0,0,0,0,0
59,0,0,0,1,0,0
59,0,0,0,1,0,0
76,0,0,0,0,0,0
91,0,0,0,0,0,0
90,0,0,0,0,0,0
105,0,0,0,0,0,0
109,0,0,0,0,0,0
85,0,0,0,0,0,0
85,0,0,0,0,0,0
101,0,0,0,0,0,0
91,0,0,0,0,0,0
89,0,0,0,0,0,0
79,0,0,0,0,0,0
89,0,0,0,0,0,0
91,0,0,0,0,0,0
81,0,0,0,0,0,0
66,0,0,0,0,0,0
55,0,0,0,0,1,0
56,0,0,0,0,2,0
59,0,0,0,0,1,0
59,0,0,0,0,3,0
55,0,0,0,0,1,0
55,0,0,0,0,1,0
63,0,0,0,3,0,0
85,0,0,0,0,0,0
88,0,0,0,0,0,0
74,0,0,0,1,0,0
88,0,0,0,1,0,0
82,0,0,0,0,0,0
77,0,0,0,0,0,0
67,0,0,0,0,0,0
93,0,0,0,0,0,0
91,0,0,0,0,0,0
81,0,0,0,1,0,0
85,0,0,0,0,0,0
107,0,0,0,0,0,0
96,0,0,0,0,0,0
84,0,0,0,0,0,0
93,0,0,0,0,0,0
80,0,0,0,0,0,0
87,0,0,0,0,0,0
91,0,0,0,0,0,0
84,0,0,0,0,0,0
82,0,0,0,0,0,0
93,0,0,0,0,0,0
96,0,0,0,0,0,0
99,0,0,0,0,0,0
105,0,0,0,0,0,0
98,0,0,0,0,0,0
81,0,0,0,0,0,0
61,0,0,0,2,0,0
58,0,0,0,3,0,0
58,0,0,0,1,0,0
69,0,0,0,2,0,0
60,0,0,0,0,0,0
60,0,0,0,2,0,0
102,0,0,0,0,0,0
93,0,0,0,0,0,0
65,0,0,0,1,0,0
55,0,0,0,0,0,0
55,0,0,0,1,0,0
59,0,0,0,3,0,0
60,0,0,0,4,0,0
58,0,0,0,2,0,0
69,0,0,0,1,0,0
91,0,0,0,0,0,0
65,0,0,0,2,0,0
68,0,0,0,2,0,0
74,0,0,0,0,0,0
79,0,0,0,0,0,0
74,0,0,0,0,0,0
88,0,0,0,0,0,0
82,0,0,0,0,0,0
96,0,0,0,0,0,0
63,0,0,0,1,0,0
55,0,0,0,0,0,0
55,0,0,0,1,0,0
58,0,0,0,1,0,0
84,0,0,0,0,0,0
79,0,0,0,1,0,0
73,0,0,0,1,0,0
73,0,0,0,0,0,0
72,0,0,0,0,0,0
84,0,0,0,0,0,0
86,0,0,0,0,0,0
79,0,0,0,0,0,0
86,0,0,0,0,0,0
89,0,0,0,0,0,0
97,0,0,0,0,0,0
92,0,0,0,0,0,0
93,0,0,0,0,0,0
108,0,0,0,0,0,0
83,0,0,0,0,0,0
91,0,0,0,0,0,0
96,0,0,0,0,0,0
89,0,0,0,0,0,0
91,0,0,0,0,0,0
74,0,0,0,1,0,0
80,0,0,0,2,0,0
87,0,0,0,0,0,0
75,0,0,0,1,0,0
92,0,0,0,0,0,1
63,0,0,0,0,0,2
59,0,0,0,0,0,4
64,0,0,0,0,0,2
62,0,0,0,0,0,2
65,0,0,0,0,0,1
64,0,0,0,0,0,3
58,0,0,0,0,0,2
60,0,0,0,0,0,2
80,0,0,0,0,0,0
86,0,0,0,0,0,1
90,0,0,0,0,0,0
94,0,0,0,0,0,0
91,0,0,0,0,0,0
94,0,0,0,0,0,0
90,0,0,0,0,0,0
90,0,0,0,0,0,0
88,0,0,0,0,0,0
94,0,0,0,0,0,0
83,0,0,0,0,0,0
83,0,0,0,0,0,0
74,0,0,0,0,0,1
87,0,0,0,0,0,1
91,0,0,0,0,0,0
84,0,0,0,0,0,0
96,0,0,0,0,0,0
90,0,0,0,0,0,0
78,0,0,0,0,0,0
80,0,0,0,0,0,0
89,0,0,0,0,0,0
81,0,0,0,0,0,0
86,0,0,0,0,0,0
99,0,0,0,0,0,0
101,0,0,0,0,0,0
83,0,0,0,0,0,0
91,0,0,0,0,0,0
85,0,0,0,0,0,0
91,0,0,0,0,0,0
90,0,0,0,0,0,0
93,0,0,0,0,0,0
94,0,0,0,0,0,0
76,0,0,0,0,0,0
90,0,0,0,0,0,0
88,0,0,0,0,0,0
82,0,0,0,0,0,0
88,0,0,0,0,0,0
103,0,0,0,0,0,0
92,0,0,0,0,0,0
108,0,0,0,0,0,0
80,0,0,0,0,0,0
90,0,0,0,0,0,0
102,0,0,0,0,0,0
92,0,0,0,0,0,0
88,0,0,0,0,0,0
91,0,0,0,0,0,0
93,0,0,0,0,0,0
97,0,0,0,0,0,0
95,0,0,0,0,0,0
80,0,0,0,0,0,0
75,0,0,0,0,0,0
84,0,0,0,0,0,0
67,0,0,0,0,0,2
80,0,0,0,0,0,0
86,0,0,0,0,0,0
77,0,0,0,0,0,1
77,0,0,0,0,0,0
68,0,0,0,0,0,3
61,0,0,0,0,0,3
59,0,0,0,0,0,2
56,0,0,0,0,0,1
55,0,0,0,0,0,1
56,0,0,0,0,0,2
62,0,0,0,0,0,2
62,0,0,0,0,0,3
64,0,0,0,0,0,3
61,0,0,0,0,0,4
63,0,0,0,0,0,0
70,0,0,0,0,0,0
66,0,0,0,0,0,3
64,0,0,0,0,0,3
55,0,0,0,0,0,1
55,0,0,0,0,0,1
60,0,0,0,0,0,1
63,0,0,0,0,0,3
55,0,0,0,0,0,0
55,0,0,0,0,0,1
55,0,0,0,0,0,1
55,0,0,0,0,0,1
55,0,0,0,0,0,1
57,0,0,0,0,0,1
65,0,0,0,0,0,1
59,0,0,0,3,0,1
56,0,0,0,1,0,0
56,0,0,0,2,0,0
55,0,0,0,2,0,0
55,0,0,0,0,0,0
55,0,0,0,1,0,0
55,0,0,0,1,0,0
57,0,0,0,2,0,0
58,0,0,0,4,0,0
55,0,0,0,0,0,0
55,0,0,0,1,0,0
55,0,0,0,1,0,0
55,0,0,0,1,0,0
63,0,0,0,3,0,0
56,0,0,0,2,0,0
55,0,0,0,1,0,0
55,0,0,0,1,0,0
56,0,0,0,2,0,0
55,0,0,0,1,0,0
57,0,0,0,2,0,0
59,0,0,0,4,0,0
55,0,0,0,1,0,0
55,0,0,0,1,0,0
63,0,0,0,2,0,0
63,0,0,0,1,0,0
61,0,0,0,2,0,0
95,0,0,0,2,0,0
89,0,0,0,2,0,0
91,0,0,0,1,0,0
74,0,0,0,1,0,0
66,0,0,0,0,0,0
63,0,0,0,3,0,0
64,0,0,0,3,0,0
59,0,0,0,1,0,0
55,0,0,0,1,0,0
57,0,0,0,2,0,0
65,0,0,0,1,0,0
62,0,0,0,4,1,0
69,0,0,0,0,1,0
56,0,0,0,0,1,0
84,0,0,0,0,0,0
74,0,0,0,0,1,0
89,0,0,0,0,0,0
77,0,0,0,0,1,0
64,0,0,0,0,1,0
56,0,0,0,0,2,0
58,0,0,0,0,2,0
63,0,0,0,0,3,0
80,0,0,0,0,2,0
78,0,0,0,0,1,0
88,0,0,0,0,0,0
78,0,0,0,0,0,0
82,0,0,0,0,0,0
83,0,0,0,0,0,0
82,0,0,0,0,0,0
81,0,0,0,0,0,0
64,0,0,0,0,1,0
55,0,0,0,0,1,0
56,0,0,0,0,2,0
60,0,0,0,0,2,0
96,0,0,0,0,0,0
92,0,0,0,0,0,0
99,0,0,0,0,0,0
100,0,0,0,0,0,0
88,0,0,0,0,0,0
96,0,0,0,0,0,0
86,0,0,0,0,0,0
86,0,0,0,0,0,0
88,0,0,0,0,0,0
73,0,0,0,0,0,0
81,0,0,0,2,0,0
86,0,0,0,0,0,0
89,0,0,0,0,0,0
78,0,0,0,0,0,0
93,0,0,0,0,0,0
82,0,0,0,0,0,0
77,0,0,0,0,0,0
81,0,0,0,1,0,0
80,0,0,0,0,0,0
77,0,0,0,0,0,0
87,0,0,0,0,0,0
76,0,0,0,0,0,0
76,0,0,0,0,0,0
81,0,0,0,0,0,0
78,0,0,0,0,1,0
74,0,0,0,0,2,0
100,0,0,0,0,0,0
86,0,0,0,0,0,0
88,0,0,0,0,0,0
82,0,0,0,0,3,0
74,0,0,0,0,1,0
89,0,0,0,0,0,0
61,0,0,0,0,4,0
55,0,0,0,0,1,0
55,0,0,0,0,1,0
63,0,0,0,0,5,0
59,0,0,0,0,2,0
55,0,0,0,0,0,0
56,0,0,0,0,2,0
58,0,0,0,0,2,0
58,0,0,0,0,3,0
61,0,0,0,0,1,0
59,0,0,0,0,0,3
55,0,0,0,0,0,0
55,0,0,0,0,0,1
60,0,0,0,0,0,1
65,0,0,0,0,0,4
55,0,0,0,0,0,1
55,0,0,0,0,0,1
69,0,0,0,0,0,2
91,0,0,0,0,0,0
91,0,0,0,0,0,0
89,0,0,0,0,0,0
87,0,0,0,0,0,0
69,1,0,0,0,0,0
60,2,0,0,0,0,0
59,1,0,0,0,0,0
59,1,0,0,0,0,0
59,1,0,0,0,0,0
59,1,0,0,0,0,0
59,1,0,0,0,0,0
59,1,0,0,0,0,0
59,1,0,0,0,0,0
59,1,0,0,0,0,0
60,2,0,0,0,0,0
59,1,0,0,0,0,0
59,1,0,0,0,0,0
61,2,0,0,0,0,0
63,3,0,0,0,0,0
59,0,0,0,0,0,0
59,1,0,0,0,0,0
74,2,0,0,0,0,0
67,1,0,3,0,0,0
59,0,0,0,0,0,0
60,0,0,2,0,0,0
63,0,0,5,0,0,0
67,0,0,2,0,0,0
64,0,0,2,0,0,0
73,0,0,2,0,0,0
85,0,0,1,0,0,0
86,0,0,1,0,0,0
88,0,0,0,0,0,0
90,0,0,0,0,0,0
90,1,0,0,0,0,0
87,2,0,0,0,0,0
94,0,0,0,0,0,0
91,0,0,0,0,0,0
86,0,0,0,0,0,0
69,2,0,0,0,0,0
59,0,0,0,0,0,0
59,1,0,0,0,0,0
63,1,0,0,0,0,0
68,1,0,0,0,0,0
62,2,0,0,0,0,0
66,2,0,0,0,0,0
59,0,0,0,0,0,0
59,1,0,0,0,0,0
59,1,0,0,0,0,0
59,1,0,0,0,0,0
64,3,0,0,0,0,0
60,1,0,0,0,0,0
59,1,0,0,0,0,0
59,1,0,0,0,0,0
59,1,0,0,0,0,0
59,1,0,0,0,0,0
59,1,0,0,0,0,0
61,1,0,0,0,0,0
59,1,0,0,0,0,0
61,1,0,0,0,0,0
63,3,0,0,0,0,0
62,2,0,0,0,0,0
63,1,0,0,0,0,0
59,1,0,0,0,0,0
59,1,0,0,0,0,0
59,1,0,0,0,0,0
59,1,0,0,0,0,0
61,2,0,0,0,0,0
59,0,0,0,0,0,0
60,2,0,0,0,0,0
64,3,0,0,0,0,0
66,2,0,0,0,0,0
61,2,0,0,0,0,0
59,1,0,0,0,0,0
59,1,0,0,0,0,0
59,1,0,0,0,0,0
59,1,0,0,0,0,0
59,1,0,0,0,0,0
68,4,0,0,0,0,0
70,2,0,0,0,0,0
59,2,0,0,0,0,0
59,0,0,0,0,0,0
59,1,0,0,0,0,0
59,1,0,0,0,0,0
59,1,0,0,0,0,0
59,1,0,0,0,0,0
59,1,0,0,0,0,0
59,1,0,0,0,0,0
59,1,0,0,0,0,0
59,1,0,0,0,0,0
58,1,0,0,0,0,0
59,0,0,0,0,0,0
59,1,0,0,0,0,0
59,1,0,0,0,0,0
59,1,0,0,0,0,0
59,1,0,0,0,0,0
59,1,0,0,0,0,0
59,1,0,0,0,0,0
59,1,0,0,0,0,0
60,2,0,0,0,0,0
65,2,0,0,0,0,0
86,0,0,0,0,0,0
91,0,0,0,0,0,0
84,3,0,0,0,0,0
78,1,0,0,0,0,0
87,0,0,0,0,0,0
101,0,0,0,0,0,0
98,0,0,0,0,0,0
100,0,0,0,0,0,0
73,1,0,0,0,0,0
69,2,0,0,0,0,0
63,3,0,0,0,0,0
64,2,0,0,0,0,0
93,0,0,0,0,0,0
102,0,0,0,0,0,0
87,0,0,0,0,0,0
82,0,0,0,0,0,0
73,1,0,0,0,0,0
60,1,0,0,0,0,0
59,1,0,0,0,0,0
59,1,0,0,0,0,0
60,2,0,0,0,0,0
66,1,0,0,0,0,0
62,2,0,0,0,0,0
59,0,0,0,0,0,0
59,1,0,0,0,0,0
59,1,0,0,0,0,0
59,1,0,0,0,0,0
59,1,0,0,0,0,0
59,1,0,0,0,0,0
59,1,0,0,0,0,0
59,1,0,0,0,0,0
59,1,0,0,0,0,0
61,3,0,0,0,0,0
59,1,0,0,0,0,0
59,1,0,0,0,0,0
59,1,0,0,0,0,0
59,1,0,0,0,0,0
79,2,0,0,0,0,0
88,0,0,0,0,0,0
84,1,0,0,0,0,0
88,0,0,0,0,0,0
92,0,0,0,0,0,0
65,5,0,0,0,0,0
60,2,0,0,0,0,0
59,1,0,0,0,0,0
59,1,0,0,0,0,0
59,1,0,0,0,0,0
60,2,0,0,0,0,0
59,1,0,0,0,0,0
59,1,0,0,0,0,0
59,1,0,0,0,0,0
59,1,0,0,0,0,0
59,1,0,0,0,0,0
62,1,0,0,0,0,0
92,1,0,0,0,0,0
73,2,0,0,0,0,0
83,0,0,0,0,0,0
78,1,0,0,0,0,0
62,1,0,0,0,0,0
59,2,0,0,0,0,0
59,0,0,0,0,0,0
59,1,0,0,0,0,0
59,1,0,0,0,0,0
59,1,0,0,0,0,0
59,1,0,0,0,0,0
65,0,0,0,0,0,0
75,1,0,0,0,0,0
59,0,0,0,0,0,0
59,1,0,0,0,0,0
59,1,0,0,0,0,0
59,1,0,0,0,0,0
59,1,0,0,0,0,0
59,1,0,0,0,0,0
59,1,0,0,0,0,0
59,1,0,0,0,0,0
59,1,0,0,0,0,0
59,1,0,0,0,0,0
59,1,0,0,0,0,0
59,1,0,0,0,0,0
59,1,0,0,0,0,0
59,1,0,0,0,0,0
64,2,0,0,0,0,0
89,1,0,0,0,0,0
89,1,0,0,0,0,0
65,4,0,0,0,0,0
65,2,0,0,0,0,0
67,2,0,0,0,0,0
59,1,0,0,0,0,0
59,0,0,0,0,0,0
59,1,0,0,0,0,0
59,1,0,0,0,0,0
59,1,0,0,0,0,0
59,1,0,0,0,0,0
59,1,0,0,0,0,0
59,1,0,0,0,0,0
59,1,0,0,0,0,0
59,1,0,0,0,0,0
59,1,0,0,0,0,0
59,1,0,0,0,0,0
59,1,0,0,0,0,0
59,1,0,0,0,0,0
59,1,0,0,0,0,0
59,1,0,0,0,0,0
59,1,0,0,0,0,0
59,1,0,0,0,0,0
59,1,0,0,0,0,0
59,1,0,0,0,0,0
59,1,0,0,0,0,0
59,1,0,0,0,0,0
59,1,0,0,0,0,0
59,1,0,0,0,0,0
59,1,0,0,0,0,0
60,2,0,0,0,0,0
59,2,0,0,0,0,0
59,0,0,0,0,0,0
59,1,0,0,0,0,0
59,1,0,0,0,0,0
59,1,0,0,0,0,0
59,1,0,0,0,0,0
59,1,0,0,0,0,0
59,1,0,0,0,0,0
59,1,0,0,0,0,0
59,1,0,0,0,0,0
59,1,0,0,0,0,0
59,1,0,0,0,0,0
59,1,0,0,0,0,0
59,1,0,0,0,0,0
59,1,0,0,0,0,0
59,1,0,0,0,0,0
59,1,0,0,0,0,0
59,1,0,0,0,0,0
59,1,0,0,0,0,0
59,1,0,0,0,0,0
66,1,0,0,0,0,0
86,1,0,0,0,0,0
95,2,0,0,0,0,0
101,0,0,0,0,0,0
86,1,0,0,0,0,0
92,0,0,0,0,0,0
97,0,0,0,0,0,0
84,1,0,0,0,0,0
84,1,0,0,0,0,0
86,0,0,0,0,0,0
81,0,0,0,0,0,0
68,2,0,0,0,0,0
59,0,0,0,0,0,0
59,1,0,0,0,0,0
59,1,0,0,0,0,0
59,1,0,0,0,0,0
61,1,0,0,0,0,0
60,2,0,0,0,0,0
59,1,0,0,0,0,0
59,1,0,0,0,0,0
65,3,0,0,0,0,0
70,2,0,0,0,0,0
59,1,0,0,0,0,0
59,1,0,0,0,0,0
59,1,0,0,0,0,0
59,0,1,0,0,0,0
61,0,1,0,0,0,0
59,0,1,0,0,0,0
65,0,3,0,0,0,0
89,0,0,0,0,0,0
114,0,0,0,0,0,0
97,0,0,0,0,0,0
106,0,0,0,0,0,0
103,0,0,0,0,0,0
89,0,0,0,0,0,0
82,0,0,0,0,0,0
88,0,1,0,0,0,0
84,0,1,0,0,0,0
90,0,0,0,0,0,0
102,0,0,0,0,0,0
86,0,0,0,0,0,0
89,0,0,0,0,0,0
104,0,0,0,0,0,0
80,0,0,0,0,0,0
89,0,0,0,0,0,0
78,0,0,0,0,0,0
92,0,0,0,0,0,0
82,0,0,0,0,0,0
86,0,1,0,0,0,0
59,0,0,0,0,0,0
65,0,2,0,0,0,0
89,0,0,0,0,0,0
85,0,1,0,0,0,0
103,0,0,0,0,0,0
77,1,0,0,0,0,0
68,3,0,0,0,0,0
59,1,0,0,0,0,0
59,1,0,0,0,0,0
59,1,0,0,0,0,0
59,1,0,0,0,0,0
59,1,0,0,0,0,0
59,1,0,0,0,0,0
59,1,0,0,0,0,0
59,1,0,0,0,0,0
59,1,0,0,0,0,0
59,1,0,0,0,0,0
67,1,0,0,0,0,0
85,0,0,0,0,0,0
93,0,0,0,0,0,0
94,0,0,0,0,0,0
72,1,0,0,0,0,0
79,0,1,0,0,0,0
83,0,3,0,0,0,0
83,0,0,0,0,0,0
80,0,0,0,0,0,0
61,0,2,0,0,0,0
57,0,2,0,0,0,0
54,0,1,0,0,0,0
54,0,1,0,0,0,0
54,0,1,0,0,0,0
54,0,1,0,0,0,0
54,0,1,0,0,0,0
54,0,1,0,0,0,0
54,0,1,0,0,0,0
54,0,2,0,0,0,0
64,0,2,0,0,0,0
66,0,1,0,0,0,0
61,0,4,0,0,0,0
54,0,1,0,0,0,0
54,0,1,0,0,0,0
54,0,1,0,0,0,0
54,0,1,0,0,0,0
54,0,1,0,0,0,0
54,0,1,0,0,0,0
54,0,1,0,0,0,0
54,0,1,0,0,0,0
54,0,1,0,0,0,0
54,0,1,0,0,0,0
54,0,1,0,0,0,0
58,0,3,0,0,0,0
54,0,1,0,0,0,0
54,0,2,0,0,0,0
59,0,3,0,0,0,0
57,0,2,0,0,0,0
65,0,3,0,0,0,0
61,0,5,0,0,0,0
54,0,2,0,0,0,0
54,0,0,0,0,0,0
54,0,1,0,0,0,0
54,0,1,0,0,0,0
54,0,1,0,0,0,0
54,0,1,0,0,0,0
54,0,1,0,0,0,0
54,0,1,0,0,0,0
54,0,1,0,0,0,0
54,0,0,1,0,0,0
54,1,0,0,0,0,0
54,1,0,0,0,0,0
54,1,0,0,0,0,0
54,1,0,0,0,0,0
55,1,1,0,0,0,0
58,0,5,0,0,0,0
62,0,1,0,0,0,0
63,0,2,0,0,0,0
54,0,1,0,0,0,0
54,0,1,0,0,0,0
63,0,1,0,0,0,0
64,0,0,0,0,0,0
59,0,1,0,0,0,0
69,0,1,0,0,0,0
54,0,1,0,0,0,0
54,0,1,0,0,0,0
54,0,1,0,0,0,0
54,0,1,0,0,0,0
54,0,1,0,0,0,0
55,0,3,0,0,0,0
54,0,1,0,0,0,0
54,0,0,0,0,0,0
54,0,1,0,0,0,0
54,0,1,0,0,0,0
54,0,1,0,0,0,0
54,0,1,0,0,0,0
54,0,1,0,0,0,0
54,0,1,0,0,0,0
54,0,1,0,0,0,0
54,0,1,0,0,0,0
54,0,1,0,0,0,0
54,0,1,0,0,0,0
54,0,1,0,0,0,0
54,0,1,0,0,0,0
54,0,1,0,0,0,0
54,0,1,0,0,0,0
54,0,1,0,0,0,0
54,0,1,0,0,0,0
54,0,1,0,0,0,0
54,0,1,0,0,0,0
54,0,1,0,0,0,0
54,0,1,0,0,0,0
54,0,1,0,0,0,0
54,0,1,0,0,0,0
54,0,1,0,0,0,0
54,0,1,0,0,0,0
54,0,1,0,0,0,0
54,0,1,0,0,0,0
54,0,1,0,0,0,0
54,0,1,0,0,0,0
54,0,1,0,0,0,0
54,0,1,0,0,0,0
54,0,1,0,0,0,0
54,0,1,0,0,0,0
54,0,1,0,0,0,0
54,0,1,0,0,0,0
54,0,1,0,0,0,0
54,0,1,0,0,0,0
54,0,1,0,0,0,0
54,0,1,0,0,0,0
54,0,1,0,0,0,0
54,0,1,0,0,0,0
54,0,1,0,0,0,0
54,0,1,0,0,0,0
54,0,1,0,0,0,0
54,0,1,0,0,0,0
54,0,1,0,0,0,0
54,0,1,0,0,0,0
54,0,1,0,0,0,0
54,0,1,0,0,0,0
54,0,1,0,0,0,0
54,0,1,0,0,0,0
54,0,1,0,0,0,0
54,0,1,0,0,0,0
54,0,1,0,0,0,0
54,0,1,0,0,0,0
54,0,1,0,0,0,0
54,0,1,0,0,0,0
56,0,1,0,0,0,0
54,0,1,0,0,0,0
54,0,1,0,0,0,0
54,0,1,0,0,0,0
54,0,1,0,0,0,0
54,0,1,0,0,0,0
54,0,1,0,0,0,0
54,0,1,0,0,0,0
54,0,1,0,0,0,0
54,0,1,0,0,0,0
54,0,1,0,0,0,0
54,0,1,0,0,0,0
54,0,1,0,0,0,0
54,0,1,0,0,0,0
54,0,1,0,0,0,0
54,0,1,0,0,0,0
54,0,1,0,0,0,0
54,0,1,0,0,0,0
54,0,1,0,0,0,0
56,0,3,0,0,0,0
56,0,3,0,0,0,0
66,0,0,0,0,0,0
60,0,3,0,0,0,0
57,0,3,0,0,0,0
54,0,1,0,0,0,0
54,0,1,0,0,0,0
54,0,1,0,0,0,0
54,0,1,0,0,0,0
54,0,1,0,0,0,0
54,0,1,0,0,0,0
54,0,1,0,0,0,0
54,0,1,0,0,0,0
54,0,1,0,0,0,0
54,0,1,0,0,0,0
54,0,1,0,0,0,0
54,0,1,0,0,0,0
54,0,1,0,0,0,0
54,0,1,0,0,0,0
54,0,1,0,0,0,0
54,0,1,0,0,0,0
54,0,1,0,0,0,0
54,0,1,0,0,0,0
67,0,1,0,0,0,0
64,0,0,0,0,0,0
58,0,2,0,0,0,0
56,0,2,0,0,0,0
54,0,1,0,0,0,0
54,0,1,0,0,0,0
57,0,2,0,0,0,0
66,0,1,0,0,0,0
54,0,1,0,0,0,0
54,0,1,0,0,0,0
54,0,1,0,0,0,0
54,0,1,0,0,0,0
53,0,1,0,0,0,0
54,0,0,0,0,0,0
54,0,1,0,0,0,0
54,0,1,0,0,0,0
54,0,1,0,0,0,0
54,0,1,0,0,0,0
54,0,1,0,0,0,0
54,0,1,0,0,0,0
54,0,1,0,0,0,0
54,0,1,0,0,0,0
54,0,1,0,0,0,0
54,0,1,0,0,0,0
54,0,1,0,0,0,0
54,0,1,0,0,0,0
54,0,1,0,0,0,0
54,0,1,0,0,0,0
54,0,1,0,0,0,0
54,0,1,0,0,0,0
54,0,1,0,0,0,0
54,0,1,0,0,0,0
54,0,1,0,0,0,0
54,0,1,0,0,0,0
54,0,1,0,0,0,0
54,0,1,0,0,0,0
54,0,1,0,0,0,0
54,0,1,0,0,0,0
54,0,1,0,0,0,0
54,0,1,0,0,0,0
54,0,1,0,0,0,0
54,0,1,0,0,0,0
54,0,1,0,0,0,0
54,0,1,0,0,0,0
54,0,1,0,0,0,0
54,0,1,0,0,0,0
54,0,1,0,0,0,0
54,0,1,0,0,0,0
54,0,1,0,0,0,0
54,0,1,0,0,0,0
54,0,1,0,0,0,0
54,0,1,0,0,0,0
54,0,1,0,0,0,0
54,0,1,0,0,0,0
54,0,1,0,0,0,0
54,0,1,0,0,0,0
54,0,1,0,0,0,0
54,0,1,0,0,0,0
58,0,3,0,0,0,0
84,0,0,0,0,0,0
85,0,0,0,0,0,0
93,0,0,0,0,0,0
71,0,3,0,0,0,0
63,0,3,0,0,0,0
66,0,0,0,0,0,0
55,0,3,0,0,0,0
55,0,1,0,0,0,0
54,0,1,0,0,0,0
54,0,1,0,0,0,0
54,0,1,0,0,0,0
54,0,1,0,0,0,0
55,0,2,0,0,0,0
55,0,2,0,0,0,0
54,0,1,0,0,0,0
54,0,1,0,0,0,0
54,0,1,0,0,0,0
54,0,1,0,0,0,0
54,0,1,0,0,0,0
54,0,1,0,0,0,0
54,0,1,0,0,0,0
54,0,1,0,0,0,0
54,0,1,0,0,0,0
54,0,1,0,0,0,0
54,0,1,0,0,0,0
54,0,1,0,0,0,0
54,0,1,0,0,0,0
55,0,2,0,0,0,0
54,0,1,0,0,0,0
61,0,4,0,0,0,0
75,0,0,0,0,0,0
80,0,2,0,0,0,0
81,0,0,0,0,0,0
81,0,0,0,0,0,0
90,0,0,0,0,0,0
87,0,0,0,0,0,0
58,0,1,0,0,0,0
54,0,1,0,0,0,0
54,0,1,0,0,0,0
54,0,1,0,0,0,0
54,0,1,0,0,0,0
67,0,2,0,0,0,0
57,0,1,0,0,0,0
59,0,0,0,0,0,0
68,1,0,0,0,0,0
67,2,0,0,0,0,0
56,2,0,0,0,0,0
55,2,0,0,0,0,0
54,1,0,0,0,0,0
54,1,0,0,0,0,0
54,1,0,0,0,0,0
54,1,0,0,0,0,0
54,1,0,0,0,0,0
54,1,0,0,0,0,0
54,1,0,0,0,0,0
54,1,0,0,0,0,0
54,1,0,0,0,0,0
54,1,0,0,0,0,0
54,1,0,0,0,0,0
54,1,0,0,0,0,0
54,1,0,0,0,0,0
54,1,0,0,0,0,0
54,1,0,0,0,0,0
54,1,0,0,0,0,0
54,1,0,0,0,0,0
54,1,0,0,0,0,0
54,1,0,0,0,0,0
54,1,0,0,0,0,0
54,1,0,0,0,0,0
54,1,0,0,0,0,0
54,1,0,0,0,0,0
54,1,0,0,0,0,0
77,0,0,0,0,0,0
81,0,0,0,0,0,0
85,0,0,0,0,0,0
76,0,0,0,0,0,0
81,0,0,0,0,0,0
81,0,0,0,0,0,0
85,0,0,0,0,0,0
78,0,0,0,0,0,0
98,0,0,0,0,0,0
79,0,0,0,0,0,0
78,0,0,0,0,0,0
75,0,0,0,0,0,0
74,0,0,0,0,0,0
82,0,0,0,0,0,0
76,0,0,0,0,0,0
77,0,0,0,0,0,0
88,0,0,0,0,0,0
73,0,0,0,1,0,0
76,0,0,0,0,0,0
71,0,0,0,0,0,0
71,0,0,0,0,0,0
81,0,0,0,0,0,0
62,0,0,0,2,0,0
65,0,0,0,0,0,0
72,0,0,0,0,0,0
83,0,0,0,0,0,0
87,0,0,0,0,0,0
79,0,0,0,1,0,0
67,0,0,0,0,0,0
76,0,0,0,0,0,0
70,0,0,0,0,0,0
65,0,0,0,0,0,0
87,0,0,0,0,0,0
67,0,0,0,0,0,2
53,0,0,0,0,0,0
50,0,0,0,0,0,2
48,0,0,0,0,0,3
47,0,0,0,0,0,0
47,0,0,0,0,0,2
47,0,0,0,0,0,0
46,0,0,0,0,0,1
47,0,0,0,0,0,0
47,0,0,0,0,0,1
49,0,0,0,0,0,3
66,0,0,0,2,0,0
74,0,0,0,3,0,0
80,0,0,0,0,0,0
68,0,0,0,1,0,0
50,0,0,0,2,0,0
47,0,0,0,1,0,0
47,0,0,0,1,0,0
47,0,0,0,1,0,0
47,0,0,0,1,0,0
47,0,0,0,1,0,0
47,0,0,0,1,0,0
53,0,0,0,1,0,0
51,0,0,0,1,0,0
50,0,0,0,2,0,0
57,0,0,0,1,0,0
47,0,0,0,1,0,0
49,0,0,0,1,0,0
51,0,0,0,1,0,0
53,0,0,0,3,0,0
47,0,0,0,1,0,0
48,0,0,0,2,0,0
54,0,0,0,3,0,0
52,0,0,0,2,0,0
59,0,0,0,1,0,0
58,0,0,0,1,0,0
47,0,0,0,1,0,0
49,0,0,0,1,0,0
48,0,0,0,1,0,0
72,0,0,0,4,0,0
70,0,0,0,2,0,0
68,0,0,0,2,0,0
70,0,0,0,0,0,0
67,0,0,0,1,0,0
78,0,0,0,0,0,0
51,0,0,0,1,0,0
48,0,0,0,1,0,0
47,0,0,0,1,0,0
52,0,0,0,2,0,0
82,0,0,0,0,0,0
69,0,0,0,0,0,0
79,0,0,0,0,0,0
69,0,0,0,2,0,0
56,0,0,0,2,0,0
47,0,0,0,0,0,0
48,0,0,0,2,0,0
51,0,0,0,1,0,0
57,0,0,0,3,0,0
47,0,0,0,1,0,0
47,0,0,0,1,0,0
47,0,0,0,1,0,0
47,0,0,0,1,0,0
47,0,0,0,1,0,0
47,0,0,0,1,0,0
47,0,0,0,1,0,0
47,0,0,0,1,0,0
47,0,0,0,1,0,0
47,0,0,0,1,0,0
48,0,0,0,2,0,0
48,0,0,0,2,0,0
48,0,0,0,2,0,0
48,0,0,0,2,0,0
52,0,0,0,2,0,0
60,0,0,0,1,0,0
58,0,0,0,3,0,0
49,0,0,0,3,0,0
47,0,0,0,1,0,0
47,0,0,0,1,0,0
47,0,0,0,1,0,0
48,0,0,0,2,0,0
48,0,0,0,2,0,0
61,0,0,0,2,0,0
48,0,0,0,1,0,0
47,0,0,0,1,0,0
47,0,0,0,1,0,0
47,0,0,0,1,0,0
47,0,0,0,1,0,0
47,0,0,0,1,0,0
47,0,0,0,1,0,0
47,0,0,0,1,0,0
47,0,0,0,1,0,0
47,0,0,0,1,0,0
47,0,0,0,1,0,0
47,0,0,0,1,0,0
47,0,0,0,1,0,0
47,0,0,0,1,0,0
60,0,0,0,1,0,0
82,0,0,0,0,0,0
75,0,0,0,0,0,0
57,0,0,0,1,0,0
47,0,0,0,1,0,0
47,0,0,0,1,0,0
47,0,0,0,1,0,0
49,0,0,0,1,0,0
50,0,0,0,4,0,0
57,0,0,0,2,0,0
54,0,0,0,3,0,0
58,0,0,0,1,0,0
54,0,0,0,3,0,0
50,0,0,0,1,2,0
47,0,0,0,0,0,0
47,0,0,0,0,1,0
47,0,0,0,1,0,0
47,0,0,0,1,0,0
51,0,0,0,3,0,0
61,0,0,0,1,0,0
54,0,0,0,3,0,0
58,0,0,0,1,0,0
48,0,0,0,3,0,0
47,0,0,0,0,0,0
47,0,0,0,1,0,0
47,0,0,0,1,0,0
47,0,0,0,1,0,0
47,0,0,0,1,0,0
47,0,0,0,1,0,0
47,0,0,0,1,0,0
47,0,0,0,1,0,0
47,0,0,0,1,0,0
49,0,0,0,3,0,0
55,0,0,0,3,0,0
47,0,0,0,1,0,0
47,0,0,0,1,0,0
47,0,0,0,0,0,1
47,0,0,0,0,0,1
47,0,0,0,0,0,1
47,0,0,0,0,0,1
47,0,0,0,0,0,1
47,0,0,0,0,0,1
47,0,0,0,0,0,1
47,0,0,0,0,0,1
47,0,0,0,0,0,1
47,0,0,0,0,0,1
49,0,0,0,0,0,1
47,0,0,0,0,0,1
47,0,0,0,0,0,1
47,0,0,0,0,0,1
47,0,0,0,0,0,1
47,0,0,0,0,0,1
47,0,0,0,0,0,1
47,0,0,0,0,0,1
47,0,0,0,0,0,1
48,0,0,0,0,0,2
47,0,0,0,0,0,2
47,0,0,0,0,0,0
47,0,0,0,0,0,1
47,0,0,0,0,0,1
47,0,0,0,0,0,1
47,0,0,0,0,0,1
47,0,0,0,0,0,1
47,0,0,0,1,0,0
47,0,0,0,1,0,0
47,0,0,0,1,0,0
48,0,0,0,2,0,0
62,0,0,0,3,0,0
74,0,0,0,0,0,0
83,0,0,0,0,0,0
90,0,0,0,0,0,0
83,0,0,0,0,0,0
94,0,0,0,0,0,0
82,0,0,0,0,0,0
73,0,0,0,0,0,0
79,0,0,0,0,0,0
88,0,0,0,0,0,0
79,0,0,0,0,0,0
70,0,0,0,0,0,0
78,0,0,0,0,0,0
82,0,0,0,0,0,0
77,0,0,0,0,0,0
84,0,0,0,0,0,0
79,0,0,0,0,0,0
79,0,0,0,0,0,0
79,0,0,0,0,0,0
86,0,0,0,0,0,0
68,0,0,0,0,0,0
65,0,0,0,0,0,0
73,0,0,0,0,1,0
82,0,0,0,0,1,0
54,0,0,0,0,0,2
61,0,0,0,0,0,1
73,0,0,0,0,0,1
80,0,0,0,0,0,1
95,0,0,0,0,0,0
86,0,0,0,0,0,0
75,0,0,0,0,0,0
79,0,0,0,0,0,0
83,0,0,0,0,0,0
85,0,0,0,0,0,0
70,0,0,0,0,0,0
80,0,0,0,0,0,0
72,0,0,0,0,0,0
73,0,0,0,0,0,0
81,0,0,0,0,0,0
77,0,0,0,0,0,0
103,0,0,0,0,0,0
94,0,0,0,0,0,0
83,0,0,0,0,0,0
77,0,0,0,0,0,0
66,0,0,0,0,0,0
85,0,0,0,0,0,0
82,0,0,0,0,0,0
72,0,0,0,0,0,0
82,0,0,0,0,0,0
75,0,0,0,0,0,0
69,0,0,0,0,0,0
72,0,0,0,0,0,0
56,0,0,0,0,0,3
62,0,0,0,0,0,4
57,0,0,0,0,0,2
60,0,0,0,0,0,0
55,0,0,0,0,0,0
47,0,0,0,0,0,1
47,0,0,0,0,0,1
48,0,0,0,0,0,1
47,0,0,0,0,0,0
47,0,0,0,0,0,1
47,0,0,0,0,0,1
47,0,0,0,0,0,1
47,0,0,0,0,0,1
47,0,0,0,0,0,1
47,0,0,0,0,0,1
47,0,0,0,0,0,1
48,0,0,0,0,0,2
51,0,0,0,0,0,1
49,0,0,0,0,0,3
62,0,0,0,0,0,2
54,0,0,0,0,0,5
47,0,0,0,0,0,0
47,0,0,0,0,0,1
47,0,0,0,0,0,1
48,0,0,0,0,0,2
49,0,0,0,0,0,3
50,0,0,0,0,0,2
47,0,0,0,0,0,1
47,0,0,0,0,0,1
47,0,0,0,0,0,1
47,0,0,0,0,0,1
47,0,0,0,0,0,1
47,0,0,0,0,0,1
47,0,0,0,0,0,1
47,0,0,0,0,0,1
47,0,0,0,0,0,1
47,0,0,0,0,0,1
47,0,0,0,0,0,1
47,0,0,0,0,0,1
50,0,0,0,0,0,2
74,0,0,0,0,0,0
48,0,0,0,0,0,2
47,0,0,0,0,0,1
47,0,0,0,0,0,1
47,0,0,0,0,0,1
47,0,0,0,0,0,1
47,0,0,0,0,0,1
47,0,0,0,0,0,1
47,0,0,0,0,0,1
47,0,0,0,0,0,1
47,0,0,0,0,0,1
47,0,0,0,0,0,1
